"Year (BP 1950)","Year (CE)","Nitrate (μEq/L)","Non sea-salt sulphate (μEq/L)"
-66.5,2016.5,"NaN","NaN"
-65.5,2015.5,0.31,0.453
-64.5,2014.5,0.326,0.427
-63.5,2013.5,0.343,0.441
-62.5,2012.5,0.309,0.406
-61.5,2011.5,0.307,0.552
-60.5,2010.5,0.274,0.461
-59.5,2009.5,0.294,0.42
-58.5,2008.5,0.42,0.41
-57.5,2007.5,0.273,0.362
-56.5,2006.5,0.327,0.535
-55.5,2005.5,0.259,0.378
-54.5,2004.5,0.222,0.452
-53.5,2003.5,0.386,0.403
-52.5,2002.5,0.337,0.471
-51.5,2001.5,0.284,0.419
-50.5,2000.5,0.263,0.258
-49.5,1999.5,0.256,0.463
-48.5,1998.5,0.281,0.298
-47.5,1997.5,0.29,0.306
-46.5,1996.5,0.224,0.582
-45.5,1995.5,0.26,0.368
-44.5,1994.5,0.36,0.443
-43.5,1993.5,0.273,0.582
-42.5,1992.5,0.256,0.759
-41.5,1991.5,0.254,0.595
-40.5,1990.5,0.267,0.484
-39.5,1989.5,0.326,0.542
-38.5,1988.5,0.271,0.374
-37.5,1987.5,0.346,0.633
-36.5,1986.5,0.298,0.409
-35.5,1985.5,0.381,0.544
-34.5,1984.5,0.287,0.56
-33.5,1983.5,0.265,0.511
-32.5,1982.5,0.248,0.444
-31.5,1981.5,0.247,0.431
-30.5,1980.5,0.299,0.28
-29.5,1979.5,0.232,0.312
-28.5,1978.5,0.242,0.217
-27.5,1977.5,0.315,0.475
-26.5,1976.5,0.268,0.411
-25.5,1975.5,0.239,0.48
-24.5,1974.5,0.25,0.618
-23.5,1973.5,0.247,0.585
-22.5,1972.5,0.291,0.363
-21.5,1971.5,0.22,0.366
-20.5,1970.5,0.19,0.36
-19.5,1969.5,0.246,0.31
-18.5,1968.5,0.312,0.429
-17.5,1967.5,0.307,0.493
-16.5,1966.5,0.313,0.42
-15.5,1965.5,0.331,0.374
-14.5,1964.5,0.34,0.75
-13.5,1963.5,0.258,0.614
-12.5,1962.5,0.323,0.523
-11.5,1961.5,0.486,0.562
-10.5,1960.5,0.303,0.401
-9.5,1959.5,0.339,0.443
-8.5,1958.5,0.321,0.397
-7.5,1957.5,0.299,0.449
-6.5,1956.5,0.235,0.418
-5.5,1955.5,0.342,0.325
-4.5,1954.5,0.324,0.345
-3.5,1953.5,0.25,0.406
-2.5,1952.5,0.307,0.498
-1.5,1951.5,0.373,0.485
-0.5,1950.5,0.235,0.507
0.5,1949.5,0.261,0.401
1.5,1948.5,0.275,0.657
2.5,1947.5,0.264,0.437
3.5,1946.5,0.291,0.488
4.5,1945.5,0.295,0.524
5.5,1944.5,0.338,0.539
6.5,1943.5,0.243,0.56
7.5,1942.5,0.38,0.604
8.5,1941.5,0.257,0.58
9.5,1940.5,0.415,0.484
10.5,1939.5,0.27,0.343
11.5,1938.5,0.341,0.431
12.5,1937.5,0.222,0.269
13.5,1936.5,0.174,0.313
14.5,1935.5,0.327,0.309
15.5,1934.5,0.227,0.305
16.5,1933.5,0.191,0.297
17.5,1932.5,0.223,0.637
18.5,1931.5,0.274,0.448
19.5,1930.5,0.277,0.585
20.5,1929.5,0.257,0.545
21.5,1928.5,0.374,0.69
22.5,1927.5,0.243,0.359
23.5,1926.5,0.217,0.391
24.5,1925.5,0.314,0.461
25.5,1924.5,0.224,0.43
26.5,1923.5,0.238,0.408
27.5,1922.5,0.272,0.418
28.5,1921.5,0.27,0.389
29.5,1920.5,0.299,0.394
30.5,1919.5,0.364,0.511
31.5,1918.5,0.327,0.521
32.5,1917.5,0.209,0.492
33.5,1916.5,0.325,0.651
34.5,1915.5,0.386,0.474
35.5,1914.5,0.225,0.381
36.5,1913.5,0.22,0.438
37.5,1912.5,0.291,0.49
38.5,1911.5,0.271,0.494
39.5,1910.5,0.295,0.44
40.5,1909.5,0.297,0.371
41.5,1908.5,0.35,0.464
42.5,1907.5,0.233,0.425
43.5,1906.5,0.359,0.437
44.5,1905.5,0.23,0.321
45.5,1904.5,0.301,0.349
46.5,1903.5,0.248,0.264
47.5,1902.5,0.249,0.391
48.5,1901.5,0.202,0.462
49.5,1900.5,0.284,0.41
50.5,1899.5,0.242,0.356
51.5,1898.5,0.329,0.47
52.5,1897.5,0.28,0.274
53.5,1896.5,0.337,0.279
54.5,1895.5,0.441,0.317
55.5,1894.5,0.322,0.463
56.5,1893.5,0.219,0.346
57.5,1892.5,0.371,0.395
58.5,1891.5,0.303,0.441
59.5,1890.5,0.299,0.656
60.5,1889.5,0.239,0.388
61.5,1888.5,0.287,0.451
62.5,1887.5,0.378,0.749
63.5,1886.5,0.274,0.601
64.5,1885.5,0.219,0.603
65.5,1884.5,0.238,0.878
66.5,1883.5,0.253,0.503
67.5,1882.5,0.219,0.34
68.5,1881.5,0.235,0.414
69.5,1880.5,0.207,0.54
70.5,1879.5,0.219,0.424
71.5,1878.5,0.28,0.466
72.5,1877.5,0.389,0.435
73.5,1876.5,0.284,0.639
74.5,1875.5,0.271,0.412
75.5,1874.5,0.255,0.5
76.5,1873.5,0.269,0.351
77.5,1872.5,0.303,0.39
78.5,1871.5,0.237,0.403
79.5,1870.5,0.296,0.462
80.5,1869.5,0.237,0.367
81.5,1868.5,0.239,0.333
82.5,1867.5,0.288,0.506
83.5,1866.5,0.228,0.474
84.5,1865.5,0.276,0.442
85.5,1864.5,0.232,0.441
86.5,1863.5,0.421,0.599
87.5,1862.5,0.334,0.625
88.5,1861.5,0.305,0.619
89.5,1860.5,0.208,0.438
90.5,1859.5,0.274,0.431
91.5,1858.5,0.27,0.378
92.5,1857.5,0.252,0.425
93.5,1856.5,0.336,0.435
94.5,1855.5,0.313,0.411
95.5,1854.5,0.287,0.506
96.5,1853.5,0.236,0.388
97.5,1852.5,0.326,0.555
98.5,1851.5,0.258,0.619
99.5,1850.5,0.256,0.303
100.5,1849.5,0.372,0.46
101.5,1848.5,0.349,0.539
102.5,1847.5,0.348,0.52
103.5,1846.5,0.305,0.317
104.5,1845.5,0.298,0.582
105.5,1844.5,0.327,0.456
106.5,1843.5,0.217,0.526
107.5,1842.5,0.289,0.575
108.5,1841.5,0.322,0.396
109.5,1840.5,0.262,0.519
110.5,1839.5,0.268,0.47
111.5,1838.5,0.403,0.535
112.5,1837.5,0.278,0.628
113.5,1836.5,0.281,0.795
114.5,1835.5,0.191,0.676
115.5,1834.5,0.245,0.578
116.5,1833.5,0.189,0.414
117.5,1832.5,0.248,0.487
118.5,1831.5,0.255,0.598
119.5,1830.5,0.194,0.666
120.5,1829.5,0.208,0.716
121.5,1828.5,0.237,0.764
122.5,1827.5,0.28,0.571
123.5,1826.5,0.233,0.504
124.5,1825.5,0.196,0.501
125.5,1824.5,0.233,0.703
126.5,1823.5,0.324,0.744
127.5,1822.5,0.376,0.581
128.5,1821.5,0.308,0.398
129.5,1820.5,0.335,0.6
130.5,1819.5,0.386,0.573
131.5,1818.5,0.388,0.831
132.5,1817.5,0.394,0.843
133.5,1816.5,0.384,1.827
134.5,1815.5,0.26,1.368
135.5,1814.5,0.306,0.407
136.5,1813.5,0.338,0.512
137.5,1812.5,0.278,0.446
138.5,1811.5,0.232,0.66
139.5,1810.5,0.293,1.077
140.5,1809.5,0.267,1.291
141.5,1808.5,0.331,0.542
142.5,1807.5,0.255,0.511
143.5,1806.5,0.362,0.532
144.5,1805.5,0.443,0.734
145.5,1804.5,0.39,0.767
146.5,1803.5,0.437,0.613
147.5,1802.5,0.363,0.545
148.5,1801.5,0.425,0.588
149.5,1800.5,0.372,0.535
150.5,1799.5,0.415,0.529
151.5,1798.5,0.401,0.591
152.5,1797.5,0.455,0.555
153.5,1796.5,0.362,0.66
154.5,1795.5,0.339,0.544
155.5,1794.5,0.279,0.49
156.5,1793.5,0.301,0.595
157.5,1792.5,0.394,0.404
158.5,1791.5,0.243,0.333
159.5,1790.5,0.264,0.535
160.5,1789.5,0.354,0.35
161.5,1788.5,0.315,0.456
162.5,1787.5,0.384,0.621
163.5,1786.5,0.332,0.522
164.5,1785.5,0.251,0.327
165.5,1784.5,0.281,0.243
166.5,1783.5,0.264,0.316
167.5,1782.5,0.306,0.456
168.5,1781.5,0.434,0.447
169.5,1780.5,0.395,0.503
170.5,1779.5,0.361,0.449
171.5,1778.5,0.239,0.51
172.5,1777.5,0.285,0.341
173.5,1776.5,0.372,0.35
174.5,1775.5,0.289,0.381
175.5,1774.5,0.305,0.626
176.5,1773.5,0.351,0.494
177.5,1772.5,0.377,0.579
178.5,1771.5,0.267,0.472
179.5,1770.5,0.259,0.379
180.5,1769.5,0.204,0.585
181.5,1768.5,0.204,0.359
182.5,1767.5,0.337,0.381
183.5,1766.5,0.263,0.288
184.5,1765.5,0.384,0.507
185.5,1764.5,0.319,0.462
186.5,1763.5,0.389,0.487
187.5,1762.5,0.347,0.626
188.5,1761.5,0.34,0.639
189.5,1760.5,0.326,0.449
190.5,1759.5,0.231,0.29
191.5,1758.5,0.281,0.342
192.5,1757.5,0.281,0.5
193.5,1756.5,0.295,0.446
194.5,1755.5,0.362,0.425
195.5,1754.5,0.377,0.426
196.5,1753.5,0.317,0.481
197.5,1752.5,0.372,0.502
198.5,1751.5,0.16,0.542
199.5,1750.5,0.27,0.527
200.5,1749.5,0.207,0.457
201.5,1748.5,0.23,0.565
202.5,1747.5,0.256,0.562
203.5,1746.5,0.259,0.477
204.5,1745.5,0.372,0.553
205.5,1744.5,0.258,0.435
206.5,1743.5,0.321,0.644
207.5,1742.5,0.3,0.415
208.5,1741.5,0.26,0.543
209.5,1740.5,0.178,0.505
210.5,1739.5,0.186,0.552
211.5,1738.5,0.304,0.505
212.5,1737.5,0.292,0.646
213.5,1736.5,0.268,0.688
214.5,1735.5,0.219,0.268
215.5,1734.5,0.237,0.553
216.5,1733.5,0.219,0.725
217.5,1732.5,0.203,0.617
218.5,1731.5,0.335,0.59
219.5,1730.5,0.23,0.504
220.5,1729.5,0.277,0.797
221.5,1728.5,0.224,0.567
222.5,1727.5,0.222,0.499
223.5,1726.5,0.238,0.391
224.5,1725.5,0.356,0.359
225.5,1724.5,0.247,0.324
226.5,1723.5,0.278,0.386
227.5,1722.5,0.413,0.467
228.5,1721.5,0.327,0.437
229.5,1720.5,0.257,0.36
230.5,1719.5,0.228,0.518
231.5,1718.5,0.31,0.361
232.5,1717.5,0.355,0.403
233.5,1716.5,0.265,0.436
234.5,1715.5,0.259,0.265
235.5,1714.5,0.257,0.302
236.5,1713.5,0.39,0.425
237.5,1712.5,0.223,0.347
238.5,1711.5,0.404,0.51
239.5,1710.5,0.273,0.486
240.5,1709.5,0.342,0.555
241.5,1708.5,0.249,0.447
242.5,1707.5,0.314,0.582
243.5,1706.5,0.305,0.398
244.5,1705.5,0.506,0.464
245.5,1704.5,0.322,0.393
246.5,1703.5,0.269,0.394
247.5,1702.5,0.247,0.278
248.5,1701.5,0.221,0.369
249.5,1700.5,0.439,0.48
250.5,1699.5,0.431,0.442
251.5,1698.5,0.447,0.531
252.5,1697.5,0.331,0.546
253.5,1696.5,0.388,0.76
254.5,1695.5,0.433,1.232
255.5,1694.5,0.3,0.744
256.5,1693.5,0.387,0.578
257.5,1692.5,0.388,0.578
258.5,1691.5,0.246,0.247
259.5,1690.5,0.398,0.331
260.5,1689.5,0.334,0.455
261.5,1688.5,0.279,0.491
262.5,1687.5,0.323,0.41
263.5,1686.5,0.262,0.377
264.5,1685.5,0.338,0.484
265.5,1684.5,0.28,0.355
266.5,1683.5,0.334,0.407
267.5,1682.5,0.286,0.364
268.5,1681.5,0.43,0.463
269.5,1680.5,0.311,0.415
270.5,1679.5,0.325,0.265
271.5,1678.5,0.236,0.292
272.5,1677.5,0.237,0.449
273.5,1676.5,0.264,0.457
274.5,1675.5,0.262,0.616
275.5,1674.5,0.305,0.679
276.5,1673.5,0.299,0.599
277.5,1672.5,0.236,0.417
278.5,1671.5,0.312,0.422
279.5,1670.5,0.286,0.443
280.5,1669.5,0.215,0.28
281.5,1668.5,0.303,0.378
282.5,1667.5,0.267,0.264
283.5,1666.5,0.338,0.428
284.5,1665.5,0.525,0.745
285.5,1664.5,0.312,0.34
286.5,1663.5,0.564,0.451
287.5,1662.5,0.327,0.497
288.5,1661.5,0.276,0.436
289.5,1660.5,0.308,0.2
290.5,1659.5,0.364,0.346
291.5,1658.5,0.193,0.269
292.5,1657.5,0.279,0.583
293.5,1656.5,0.316,0.519
294.5,1655.5,0.337,0.662
295.5,1654.5,0.33,0.572
296.5,1653.5,0.376,0.414
297.5,1652.5,0.272,0.333
298.5,1651.5,0.313,0.326
299.5,1650.5,0.332,0.32
300.5,1649.5,0.266,0.376
301.5,1648.5,0.34,0.308
302.5,1647.5,0.311,0.299
303.5,1646.5,0.361,0.437
304.5,1645.5,0.258,0.4
305.5,1644.5,0.3,0.42
306.5,1643.5,0.363,0.463
307.5,1642.5,0.259,0.806
308.5,1641.5,0.388,0.925
309.5,1640.5,0.221,0.309
310.5,1639.5,0.321,0.393
311.5,1638.5,0.238,0.401
312.5,1637.5,0.299,0.376
313.5,1636.5,0.302,0.338
314.5,1635.5,0.514,0.589
315.5,1634.5,0.299,0.282
316.5,1633.5,0.27,0.419
317.5,1632.5,0.307,0.447
318.5,1631.5,0.302,0.54
319.5,1630.5,0.267,0.439
320.5,1629.5,0.376,0.425
321.5,1628.5,0.342,0.408
322.5,1627.5,0.279,0.352
323.5,1626.5,0.318,0.445
324.5,1625.5,0.373,0.557
325.5,1624.5,0.354,0.417
326.5,1623.5,0.453,0.616
327.5,1622.5,0.354,0.464
328.5,1621.5,0.259,0.456
329.5,1620.5,0.404,0.652
330.5,1619.5,0.338,0.509
331.5,1618.5,0.364,0.408
332.5,1617.5,0.321,0.539
333.5,1616.5,0.357,0.397
334.5,1615.5,0.359,0.47
335.5,1614.5,0.351,0.503
336.5,1613.5,0.296,0.362
337.5,1612.5,0.224,0.369
338.5,1611.5,0.211,0.395
339.5,1610.5,0.246,0.436
340.5,1609.5,0.352,0.505
341.5,1608.5,0.326,0.54
342.5,1607.5,0.416,0.512
343.5,1606.5,0.395,0.392
344.5,1605.5,0.248,0.456
345.5,1604.5,0.391,0.364
346.5,1603.5,0.319,0.617
347.5,1602.5,0.236,0.411
348.5,1601.5,0.309,0.585
349.5,1600.5,0.308,0.838
350.5,1599.5,0.248,0.465
351.5,1598.5,0.344,0.506
352.5,1597.5,0.55,0.805
353.5,1596.5,0.511,0.949
354.5,1595.5,0.294,0.518
355.5,1594.5,0.325,0.473
356.5,1593.5,0.188,0.294
357.5,1592.5,0.41,0.57
358.5,1591.5,0.315,0.537
359.5,1590.5,0.224,0.255
360.5,1589.5,0.292,0.349
361.5,1588.5,0.428,0.54
362.5,1587.5,0.384,0.769
363.5,1586.5,0.354,0.542
364.5,1585.5,0.313,0.568
365.5,1584.5,0.3,0.394
366.5,1583.5,0.372,0.717
367.5,1582.5,0.374,0.393
368.5,1581.5,0.314,0.432
369.5,1580.5,0.361,0.376
370.5,1579.5,0.333,0.546
371.5,1578.5,0.412,0.339
372.5,1577.5,0.341,0.595
373.5,1576.5,0.294,0.565
374.5,1575.5,0.408,0.613
375.5,1574.5,0.451,0.543
376.5,1573.5,0.319,0.463
377.5,1572.5,0.211,0.295
378.5,1571.5,0.4,0.415
379.5,1570.5,0.337,0.379
380.5,1569.5,0.565,0.551
381.5,1568.5,0.35,0.247
382.5,1567.5,0.271,0.371
383.5,1566.5,0.247,0.394
384.5,1565.5,0.267,0.386
385.5,1564.5,0.467,0.559
386.5,1563.5,0.352,0.474
387.5,1562.5,0.287,0.21
388.5,1561.5,0.507,0.334
389.5,1560.5,0.402,0.385
390.5,1559.5,0.332,0.42
391.5,1558.5,0.261,0.361
392.5,1557.5,0.245,0.386
393.5,1556.5,0.374,0.438
394.5,1555.5,0.369,0.58
395.5,1554.5,0.314,0.412
396.5,1553.5,0.339,0.525
397.5,1552.5,0.314,0.25
398.5,1551.5,0.361,0.286
399.5,1550.5,0.406,0.471
400.5,1549.5,0.28,0.176
401.5,1548.5,0.347,0.312
402.5,1547.5,0.347,0.343
403.5,1546.5,0.303,0.374
404.5,1545.5,0.317,0.524
405.5,1544.5,0.36,0.581
406.5,1543.5,0.325,0.509
407.5,1542.5,0.373,0.342
408.5,1541.5,0.351,0.693
409.5,1540.5,0.379,0.409
410.5,1539.5,0.378,0.364
411.5,1538.5,0.369,0.414
412.5,1537.5,0.199,0.337
413.5,1536.5,0.276,0.439
414.5,1535.5,0.286,0.47
415.5,1534.5,0.245,0.489
416.5,1533.5,0.305,0.349
417.5,1532.5,0.35,0.416
418.5,1531.5,0.448,0.372
419.5,1530.5,0.206,0.153
420.5,1529.5,0.402,0.407
421.5,1528.5,0.314,0.335
422.5,1527.5,0.302,0.43
423.5,1526.5,0.291,0.293
424.5,1525.5,0.262,0.381
425.5,1524.5,0.243,0.507
426.5,1523.5,0.324,0.536
427.5,1522.5,0.219,0.368
428.5,1521.5,0.48,0.615
429.5,1520.5,0.307,0.527
430.5,1519.5,0.343,0.441
431.5,1518.5,0.355,0.382
432.5,1517.5,0.342,0.422
433.5,1516.5,0.284,0.387
434.5,1515.5,0.368,0.462
435.5,1514.5,0.291,0.613
436.5,1513.5,0.512,0.338
437.5,1512.5,0.231,0.283
438.5,1511.5,0.241,0.444
439.5,1510.5,0.298,0.311
440.5,1509.5,0.498,0.402
441.5,1508.5,0.186,0.117
442.5,1507.5,0.257,0.339
443.5,1506.5,0.318,0.597
444.5,1505.5,0.242,0.384
445.5,1504.5,0.258,0.408
446.5,1503.5,0.286,0.395
447.5,1502.5,0.384,0.447
448.5,1501.5,0.252,0.462
449.5,1500.5,0.287,0.342
450.5,1499.5,0.37,0.339
451.5,1498.5,0.322,0.439
452.5,1497.5,0.257,0.369
453.5,1496.5,0.393,0.408
454.5,1495.5,"NaN","NaN"
455.5,1494.5,0.357,0.696
456.5,1493.5,0.304,0.385
457.5,1492.5,0.266,0.363
458.5,1491.5,0.257,0.382
459.5,1490.5,0.437,0.417
460.5,1489.5,0.253,0.421
461.5,1488.5,0.244,0.441
462.5,1487.5,0.213,0.419
463.5,1486.5,0.182,0.471
464.5,1485.5,0.369,0.467
465.5,1484.5,0.209,0.414
466.5,1483.5,0.236,0.381
467.5,1482.5,0.257,0.417
468.5,1481.5,0.253,0.542
469.5,1480.5,0.349,0.783
470.5,1479.5,0.421,0.354
471.5,1478.5,0.33,0.397
472.5,1477.5,0.372,0.327
473.5,1476.5,0.201,0.283
474.5,1475.5,0.337,0.407
475.5,1474.5,0.359,0.428
476.5,1473.5,0.292,0.413
477.5,1472.5,0.315,0.387
478.5,1471.5,0.277,0.271
479.5,1470.5,0.361,0.555
480.5,1469.5,0.471,0.526
481.5,1468.5,0.341,0.434
482.5,1467.5,0.306,0.373
483.5,1466.5,0.268,0.391
484.5,1465.5,0.387,0.455
485.5,1464.5,0.425,0.501
486.5,1463.5,0.267,0.488
487.5,1462.5,0.468,0.416
488.5,1461.5,0.358,0.457
489.5,1460.5,0.515,0.841
490.5,1459.5,0.466,2.773
491.5,1458.5,0.425,2.069
492.5,1457.5,0.316,0.453
493.5,1456.5,0.401,0.28
494.5,1455.5,0.309,0.627
495.5,1454.5,0.395,0.122
496.5,1453.5,0.377,0.657
497.5,1452.5,0.225,0.276
498.5,1451.5,0.381,0.619
499.5,1450.5,0.327,0.432
500.5,1449.5,0.342,0.438
501.5,1448.5,0.402,0.471
502.5,1447.5,0.318,0.396
503.5,1446.5,0.329,0.372
504.5,1445.5,0.275,0.205
505.5,1444.5,0.271,0.275
506.5,1443.5,0.537,0.758
507.5,1442.5,0.321,0.168
508.5,1441.5,0.494,0.505
509.5,1440.5,0.484,0.589
510.5,1439.5,0.397,0.613
511.5,1438.5,0.379,0.451
512.5,1437.5,0.29,0.633
513.5,1436.5,0.421,0.649
514.5,1435.5,0.396,0.467
515.5,1434.5,0.324,0.597
516.5,1433.5,0.283,0.397
517.5,1432.5,0.248,0.398
518.5,1431.5,0.443,0.551
519.5,1430.5,0.333,0.512
520.5,1429.5,0.367,0.442
521.5,1428.5,0.326,0.378
522.5,1427.5,0.237,0.36
523.5,1426.5,0.313,0.474
524.5,1425.5,0.293,0.358
525.5,1424.5,0.391,0.426
526.5,1423.5,0.325,0.644
527.5,1422.5,0.205,0.268
528.5,1421.5,0.286,0.387
529.5,1420.5,0.286,0.345
530.5,1419.5,0.364,0.235
531.5,1418.5,0.355,0.49
532.5,1417.5,0.328,0.291
533.5,1416.5,0.276,0.384
534.5,1415.5,0.403,0.424
535.5,1414.5,0.291,0.699
536.5,1413.5,0.277,0.394
537.5,1412.5,0.247,0.326
538.5,1411.5,0.281,0.386
539.5,1410.5,0.337,0.359
540.5,1409.5,0.307,0.314
541.5,1408.5,0.294,0.283
542.5,1407.5,0.261,0.189
543.5,1406.5,0.315,0.294
544.5,1405.5,0.394,0.461
545.5,1404.5,0.276,0.332
546.5,1403.5,0.294,0.358
547.5,1402.5,0.229,0.234
548.5,1401.5,0.314,0.367
549.5,1400.5,0.266,0.429
550.5,1399.5,0.245,0.483
551.5,1398.5,0.275,0.365
552.5,1397.5,0.383,0.362
553.5,1396.5,0.312,0.611
554.5,1395.5,0.283,0.31
555.5,1394.5,0.313,0.275
556.5,1393.5,0.186,0.209
557.5,1392.5,0.238,0.314
558.5,1391.5,0.274,0.29
559.5,1390.5,0.5,0.312
560.5,1389.5,0.272,0.66
561.5,1388.5,0.269,0.331
562.5,1387.5,0.251,0.218
563.5,1386.5,0.256,0.324
564.5,1385.5,0.234,0.311
565.5,1384.5,0.233,0.384
566.5,1383.5,0.298,0.313
567.5,1382.5,0.196,0.306
568.5,1381.5,0.351,0.673
569.5,1380.5,0.316,0.62
570.5,1379.5,0.382,0.437
571.5,1378.5,0.596,0.401
572.5,1377.5,0.414,0.532
573.5,1376.5,0.306,0.455
574.5,1375.5,0.315,0.154
575.5,1374.5,0.432,0.444
576.5,1373.5,0.24,0.426
577.5,1372.5,0.361,0.479
578.5,1371.5,0.418,0.4
579.5,1370.5,0.282,0.077
580.5,1369.5,0.385,0.443
581.5,1368.5,0.485,0.404
582.5,1367.5,0.282,0.374
583.5,1366.5,0.241,0.202
584.5,1365.5,0.276,0.245
585.5,1364.5,0.369,0.404
586.5,1363.5,0.339,0.364
587.5,1362.5,0.356,0.451
588.5,1361.5,0.4,0.261
589.5,1360.5,0.414,0.333
590.5,1359.5,0.337,0.423
591.5,1358.5,0.35,0.295
592.5,1357.5,0.377,0.687
593.5,1356.5,0.308,0.3
594.5,1355.5,0.326,0.427
595.5,1354.5,0.391,0.326
596.5,1353.5,0.344,0.451
597.5,1352.5,0.295,0.497
598.5,1351.5,0.299,0.446
599.5,1350.5,0.294,0.373
600.5,1349.5,0.263,0.295
601.5,1348.5,0.302,0.364
602.5,1347.5,0.365,0.45
603.5,1346.5,0.27,0.416
604.5,1345.5,0.35,0.606
605.5,1344.5,0.342,1.126
606.5,1343.5,0.28,0.488
607.5,1342.5,0.339,0.435
608.5,1341.5,0.278,0.341
609.5,1340.5,0.368,0.407
610.5,1339.5,0.233,0.285
611.5,1338.5,0.193,0.27
612.5,1337.5,0.288,0.5
613.5,1336.5,0.242,0.419
614.5,1335.5,0.308,0.568
615.5,1334.5,0.3,0.444
616.5,1333.5,0.357,0.405
617.5,1332.5,0.301,0.316
618.5,1331.5,0.326,0.308
619.5,1330.5,0.294,0.187
620.5,1329.5,0.362,0.915
621.5,1328.5,0.194,-0.203
622.5,1327.5,0.274,0.344
623.5,1326.5,0.217,0.444
624.5,1325.5,0.278,0.895
625.5,1324.5,0.285,0.258
626.5,1323.5,0.221,0.31
627.5,1322.5,0.258,0.448
628.5,1321.5,0.299,0.471
629.5,1320.5,0.26,0.348
630.5,1319.5,0.223,0.369
631.5,1318.5,0.4,0.368
632.5,1317.5,0.445,0.486
633.5,1316.5,0.394,0.448
634.5,1315.5,0.441,0.451
635.5,1314.5,0.259,0.46
636.5,1313.5,0.383,0.428
637.5,1312.5,0.307,0.28
638.5,1311.5,0.316,0.295
639.5,1310.5,0.349,0.262
640.5,1309.5,0.306,0.43
641.5,1308.5,0.366,0.344
642.5,1307.5,0.251,0.297
643.5,1306.5,0.271,0.145
644.5,1305.5,0.306,0.457
645.5,1304.5,0.377,0.219
646.5,1303.5,0.291,0.437
647.5,1302.5,0.249,0.227
648.5,1301.5,0.345,0.521
649.5,1300.5,0.416,0.344
650.5,1299.5,0.258,0.364
651.5,1298.5,0.354,0.353
652.5,1297.5,0.447,0.551
653.5,1296.5,0.339,0.48
654.5,1295.5,0.259,0.381
655.5,1294.5,0.472,0.588
656.5,1293.5,0.414,0.444
657.5,1292.5,0.342,0.57
658.5,1291.5,0.415,0.362
659.5,1290.5,0.418,0.374
660.5,1289.5,0.551,0.473
661.5,1288.5,0.37,0.349
662.5,1287.5,0.396,0.412
663.5,1286.5,0.334,0.587
664.5,1285.5,0.308,0.682
665.5,1284.5,0.35,0.387
666.5,1283.5,0.323,0.442
667.5,1282.5,0.397,0.477
668.5,1281.5,0.409,0.541
669.5,1280.5,0.425,0.438
670.5,1279.5,0.42,0.432
671.5,1278.5,0.449,0.447
672.5,1277.5,0.297,0.717
673.5,1276.5,0.545,1.488
674.5,1275.5,0.34,1.287
675.5,1274.5,0.678,0.398
676.5,1273.5,0.568,0.552
677.5,1272.5,0.374,0.444
678.5,1271.5,0.366,0.553
679.5,1270.5,0.862,0.44
680.5,1269.5,0.887,0.704
681.5,1268.5,0.387,1.879
682.5,1267.5,0.413,0.591
683.5,1266.5,0.437,0.491
684.5,1265.5,0.465,0.469
685.5,1264.5,0.42,0.291
686.5,1263.5,0.491,0.444
687.5,1262.5,0.596,0.482
688.5,1261.5,0.479,0.447
689.5,1260.5,0.821,0.694
690.5,1259.5,0.525,0.468
691.5,1258.5,0.421,1.332
692.5,1257.5,0.823,3.73
693.5,1256.5,0.362,0.513
694.5,1255.5,0.314,0.254
695.5,1254.5,0.303,0.356
696.5,1253.5,0.286,0.384
697.5,1252.5,0.337,0.296
698.5,1251.5,0.327,0.149
699.5,1250.5,0.378,0.489
700.5,1249.5,0.391,0.447
701.5,1248.5,0.543,0.274
702.5,1247.5,0.575,0.326
703.5,1246.5,0.313,0.445
704.5,1245.5,0.315,0.346
705.5,1244.5,0.338,0.353
706.5,1243.5,0.356,0.481
707.5,1242.5,0.381,0.377
708.5,1241.5,0.324,0.301
709.5,1240.5,0.38,0.826
710.5,1239.5,0.329,0.369
711.5,1238.5,0.278,0.299
712.5,1237.5,0.411,0.416
713.5,1236.5,0.422,0.532
714.5,1235.5,0.344,0.34
715.5,1234.5,0.368,0.622
716.5,1233.5,0.28,0.394
717.5,1232.5,0.301,0.487
718.5,1231.5,0.352,0.423
719.5,1230.5,0.477,0.717
720.5,1229.5,0.541,1.353
721.5,1228.5,0.293,0.608
722.5,1227.5,0.405,0.467
723.5,1226.5,0.343,0.559
724.5,1225.5,0.347,0.39
725.5,1224.5,0.381,0.776
726.5,1223.5,0.337,0.515
727.5,1222.5,0.499,0.387
728.5,1221.5,0.448,0.35
729.5,1220.5,0.372,0.478
730.5,1219.5,0.37,0.341
731.5,1218.5,0.339,0.637
732.5,1217.5,0.32,0.384
733.5,1216.5,0.481,0.52
734.5,1215.5,0.33,0.452
735.5,1214.5,0.32,0.547
736.5,1213.5,0.438,0.603
737.5,1212.5,0.285,0.473
738.5,1211.5,0.298,0.377
739.5,1210.5,0.318,0.386
740.5,1209.5,0.342,0.411
741.5,1208.5,0.271,0.49
742.5,1207.5,0.358,0.404
743.5,1206.5,0.472,0.346
744.5,1205.5,0.357,0.374
745.5,1204.5,0.368,0.433
746.5,1203.5,0.425,0.505
747.5,1202.5,0.44,0.394
748.5,1201.5,0.318,0.419
749.5,1200.5,0.427,0.492
750.5,1199.5,0.375,0.467
751.5,1198.5,0.371,0.358
752.5,1197.5,0.455,0.225
753.5,1196.5,0.372,0.159
754.5,1195.5,0.35,0.154
755.5,1194.5,0.403,0.106
756.5,1193.5,0.416,0.207
757.5,1192.5,0.365,0.058
758.5,1191.5,0.415,0.093
759.5,1190.5,0.396,0.192
760.5,1189.5,0.404,0.072
761.5,1188.5,0.457,0.168
762.5,1187.5,0.408,0.141
763.5,1186.5,0.398,0.153
764.5,1185.5,0.455,0.419
765.5,1184.5,0.434,0.428
766.5,1183.5,0.442,0.374
767.5,1182.5,0.422,0.557
768.5,1181.5,0.375,0.619
769.5,1180.5,0.542,0.514
770.5,1179.5,0.363,0.336
771.5,1178.5,0.327,0.6
772.5,1177.5,0.35,0.513
773.5,1176.5,0.391,0.428
774.5,1175.5,0.359,0.409
775.5,1174.5,0.383,0.406
776.5,1173.5,0.258,0.288
777.5,1172.5,0.373,0.641
778.5,1171.5,0.342,0.605
779.5,1170.5,0.371,0.714
780.5,1169.5,0.417,0.452
781.5,1168.5,0.438,0.401
782.5,1167.5,0.417,0.368
783.5,1166.5,0.407,0.38
784.5,1165.5,0.442,0.494
785.5,1164.5,0.451,0.466
786.5,1163.5,0.432,0.388
787.5,1162.5,0.376,0.37
788.5,1161.5,0.356,0.372
789.5,1160.5,0.355,0.283
790.5,1159.5,0.4,0.595
791.5,1158.5,0.442,0.786
792.5,1157.5,0.372,0.428
793.5,1156.5,0.397,0.26
794.5,1155.5,0.474,0.34
795.5,1154.5,0.363,0.325
796.5,1153.5,0.392,0.404
797.5,1152.5,0.464,0.396
798.5,1151.5,0.502,0.362
799.5,1150.5,0.388,0.365
800.5,1149.5,0.38,0.486
801.5,1148.5,0.564,0.371
802.5,1147.5,0.396,0.312
803.5,1146.5,0.407,0.409
804.5,1145.5,0.512,0.599
805.5,1144.5,0.383,0.491
806.5,1143.5,0.349,0.486
807.5,1142.5,0.369,0.534
808.5,1141.5,0.412,0.546
809.5,1140.5,0.346,0.509
810.5,1139.5,0.342,0.19
811.5,1138.5,0.271,0.548
812.5,1137.5,0.258,0.356
813.5,1136.5,0.365,0.402
814.5,1135.5,0.295,0.245
815.5,1134.5,0.234,0.342
816.5,1133.5,0.343,0.67
817.5,1132.5,0.357,0.526
818.5,1131.5,0.501,0.301
819.5,1130.5,0.479,0.513
820.5,1129.5,0.499,0.506
821.5,1128.5,0.568,0.453
822.5,1127.5,0.38,0.548
823.5,1126.5,0.398,0.453
824.5,1125.5,0.418,0.396
825.5,1124.5,0.476,0.304
826.5,1123.5,0.358,0.292
827.5,1122.5,0.434,0.369
828.5,1121.5,0.53,0.373
829.5,1120.5,0.352,0.213
830.5,1119.5,0.351,0.335
831.5,1118.5,0.519,0.508
832.5,1117.5,0.328,0.311
833.5,1116.5,0.338,0.493
834.5,1115.5,0.36,0.588
835.5,1114.5,0.34,0.33
836.5,1113.5,0.433,0.701
837.5,1112.5,0.342,0.648
838.5,1111.5,0.298,0.407
839.5,1110.5,0.384,0.428
840.5,1109.5,0.397,0.416
841.5,1108.5,0.492,0.545
842.5,1107.5,0.747,0.346
843.5,1106.5,0.788,0.217
844.5,1105.5,0.488,0.544
845.5,1104.5,0.347,0.471
846.5,1103.5,0.501,0.324
847.5,1102.5,0.493,0.437
848.5,1101.5,0.453,0.353
849.5,1100.5,0.512,0.441
850.5,1099.5,0.482,0.119
851.5,1098.5,0.447,0.486
852.5,1097.5,0.362,0.372
853.5,1096.5,0.422,0.298
854.5,1095.5,0.307,0.428
855.5,1094.5,0.494,0.476
856.5,1093.5,0.34,0.377
857.5,1092.5,0.43,0.37
858.5,1091.5,0.466,0.505
859.5,1090.5,0.555,0.347
860.5,1089.5,0.508,0.244
861.5,1088.5,0.449,0.274
862.5,1087.5,0.423,0.27
863.5,1086.5,0.358,0.343
864.5,1085.5,0.41,0.092
865.5,1084.5,0.608,0.446
866.5,1083.5,0.44,0.381
867.5,1082.5,0.378,0.091
868.5,1081.5,0.376,0.467
869.5,1080.5,0.495,0.631
870.5,1079.5,0.433,0.329
871.5,1078.5,0.563,0.529
872.5,1077.5,0.406,0.477
873.5,1076.5,0.598,0.301
874.5,1075.5,0.431,0.435
875.5,1074.5,0.489,0.446
876.5,1073.5,0.316,0.355
877.5,1072.5,0.49,0.323
878.5,1071.5,0.459,0.27
879.5,1070.5,0.37,0.311
880.5,1069.5,0.402,0.437
881.5,1068.5,0.846,0.41
882.5,1067.5,0.364,0.491
883.5,1066.5,0.462,0.396
884.5,1065.5,0.448,0.412
885.5,1064.5,0.417,0.401
886.5,1063.5,0.368,0.456
887.5,1062.5,0.379,0.372
888.5,1061.5,0.512,0.356
889.5,1060.5,0.421,0.451
890.5,1059.5,0.429,0.564
891.5,1058.5,0.416,0.36
892.5,1057.5,0.393,0.443
893.5,1056.5,0.596,0.361
894.5,1055.5,0.419,0.412
895.5,1054.5,0.442,0.646
896.5,1053.5,0.468,0.378
897.5,1052.5,0.488,0.378
898.5,1051.5,0.454,0.438
899.5,1050.5,0.446,0.361
900.5,1049.5,0.448,0.498
901.5,1048.5,0.472,0.687
902.5,1047.5,0.497,0.472
903.5,1046.5,0.669,0.457
904.5,1045.5,0.411,0.404
905.5,1044.5,0.327,0.178
906.5,1043.5,0.38,0.329
907.5,1042.5,0.349,0.194
908.5,1041.5,0.352,0.284
909.5,1040.5,0.551,0.381
910.5,1039.5,0.468,0.508
911.5,1038.5,0.569,0.596
912.5,1037.5,0.405,0.485
913.5,1036.5,0.843,0.357
914.5,1035.5,0.482,0.235
915.5,1034.5,0.461,0.305
916.5,1033.5,0.535,0.318
917.5,1032.5,0.304,0.108
918.5,1031.5,0.341,0.455
919.5,1030.5,0.509,0.497
920.5,1029.5,0.476,0.606
921.5,1028.5,0.669,0.599
922.5,1027.5,0.428,0.58
923.5,1026.5,0.376,0.514
924.5,1025.5,0.498,0.558
925.5,1024.5,0.606,0.443
926.5,1023.5,0.378,0.395
927.5,1022.5,0.399,0.497
928.5,1021.5,0.343,0.345
929.5,1020.5,0.323,0.357
930.5,1019.5,0.406,0.463
931.5,1018.5,1.012,0.442
932.5,1017.5,0.474,0.58
933.5,1016.5,0.454,0.765
934.5,1015.5,0.356,0.584
935.5,1014.5,0.406,0.777
936.5,1013.5,0.432,0.4
937.5,1012.5,0.878,0.46
938.5,1011.5,0.494,0.442
939.5,1010.5,0.385,0.45
940.5,1009.5,0.331,0.441
941.5,1008.5,0.772,0.386
942.5,1007.5,0.586,0.48
943.5,1006.5,0.534,0.495
944.5,1005.5,0.711,0.581
945.5,1004.5,0.459,0.347
946.5,1003.5,1.109,0.341
947.5,1002.5,0.465,0.421
948.5,1001.5,0.45,0.308
949.5,1000.5,0.534,0.426
950.5,999.5,0.605,0.475
951.5,998.5,0.471,0.398
952.5,997.5,0.488,0.21
953.5,996.5,0.461,0.508
954.5,995.5,0.474,0.388
955.5,994.5,0.565,0.452
956.5,993.5,0.462,0.624
957.5,992.5,0.528,0.477
958.5,991.5,0.744,0.335
959.5,990.5,0.56,0.533
960.5,989.5,0.635,0.716
961.5,988.5,0.568,0.246
962.5,987.5,1.275,0.811
963.5,986.5,0.711,0.387
964.5,985.5,0.58,0.332
965.5,984.5,0.346,0.332
966.5,983.5,0.413,0.388
967.5,982.5,0.582,0.615
968.5,981.5,0.571,0.448
969.5,980.5,0.385,0.318
970.5,979.5,0.384,0.381
971.5,978.5,0.39,0.396
972.5,977.5,0.767,0.373
973.5,976.5,1.326,0.498
974.5,975.5,0.299,0.301
975.5,974.5,0.205,0.401
976.5,973.5,0.249,0.578
977.5,972.5,0.274,0.402
978.5,971.5,0.446,0.291
979.5,970.5,0.491,0.762
980.5,969.5,0.4,0.338
981.5,968.5,0.796,0.323
982.5,967.5,0.453,0.295
983.5,966.5,0.64,0.431
984.5,965.5,0.451,0.345
985.5,964.5,0.27,0.716
986.5,963.5,0.366,0.455
987.5,962.5,0.367,0.535
988.5,961.5,0.473,0.627
989.5,960.5,0.406,0.287
990.5,959.5,0.424,0.203
991.5,958.5,0.662,0.421
992.5,957.5,0.474,0.653
993.5,956.5,0.571,0.795
994.5,955.5,0.413,0.599
995.5,954.5,0.47,0.316
996.5,953.5,0.447,0.402
997.5,952.5,0.622,0.072
998.5,951.5,0.434,0.194
999.5,950.5,0.449,0.31
1000.5,949.5,0.479,0.136
1001.5,948.5,0.556,0.24
1002.5,947.5,0.448,0.418
1003.5,946.5,0.394,0.33
1004.5,945.5,0.404,0.323
1005.5,944.5,0.481,-0.108
1006.5,943.5,0.469,0.388
1007.5,942.5,0.53,0.358
1008.5,941.5,0.478,0.73
1009.5,940.5,0.347,0.114
1010.5,939.5,0.287,0.447
1011.5,938.5,0.237,0.382
1012.5,937.5,0.339,0.418
1013.5,936.5,0.255,0.551
1014.5,935.5,0.271,0.518
1015.5,934.5,0.173,0.426
1016.5,933.5,0.192,0.539
1017.5,932.5,0.219,0.354
1018.5,931.5,0.234,0.309
1019.5,930.5,0.366,0.324
1020.5,929.5,0.377,0.409
1021.5,928.5,0.404,0.448
1022.5,927.5,0.41,0.367
1023.5,926.5,0.357,0.657
1024.5,925.5,0.396,0.402
1025.5,924.5,0.334,0.84
1026.5,923.5,0.417,0.381
1027.5,922.5,0.468,0.477
1028.5,921.5,0.381,0.429
1029.5,920.5,0.447,0.442
1030.5,919.5,0.353,0.544
1031.5,918.5,0.509,0.506
1032.5,917.5,0.411,0.414
1033.5,916.5,0.402,0.388
1034.5,915.5,0.265,0.099
1035.5,914.5,0.659,0.113
1036.5,913.5,0.331,0.414
1037.5,912.5,0.523,0.561
1038.5,911.5,0.671,0.437
1039.5,910.5,0.444,0.424
1040.5,909.5,0.33,0.397
1041.5,908.5,0.431,0.441
1042.5,907.5,0.406,0.346
1043.5,906.5,0.422,0.443
1044.5,905.5,0.445,0.347
1045.5,904.5,0.515,0.49
1046.5,903.5,0.364,0.424
1047.5,902.5,0.341,0.383
1048.5,901.5,0.42,0.475
1049.5,900.5,0.342,0.882
1050.5,899.5,0.452,0.46
1051.5,898.5,0.464,0.551
1052.5,897.5,0.277,0.467
1053.5,896.5,0.338,0.399
1054.5,895.5,0.311,0.635
1055.5,894.5,0.154,0.267
1056.5,893.5,0.291,0.317
1057.5,892.5,0.301,0.441
1058.5,891.5,0.239,0.439
1059.5,890.5,0.179,0.326
1060.5,889.5,0.324,0.552
1061.5,888.5,0.208,0.252
1062.5,887.5,0.261,0.377
1063.5,886.5,0.179,0.458
1064.5,885.5,0.18,0.501
1065.5,884.5,0.2,0.341
1066.5,883.5,0.277,0.521
1067.5,882.5,0.306,0.458
1068.5,881.5,0.33,0.399
1069.5,880.5,0.276,0.784
1070.5,879.5,0.238,0.464
1071.5,878.5,0.289,0.544
1072.5,877.5,0.191,0.415
1073.5,876.5,0.234,0.521
1074.5,875.5,0.313,0.364
1075.5,874.5,0.269,0.437
1076.5,873.5,0.397,0.35
1077.5,872.5,0.359,0.604
1078.5,871.5,0.389,0.409
1079.5,870.5,0.236,0.208
1080.5,869.5,0.72,0.342
1081.5,868.5,0.323,0.408
1082.5,867.5,0.309,0.454
1083.5,866.5,0.262,0.359
1084.5,865.5,0.316,0.322
1085.5,864.5,0.309,0.342
1086.5,863.5,0.243,0.347
1087.5,862.5,1.568,0.442
1088.5,861.5,0.319,0.441
1089.5,860.5,0.403,0.287
1090.5,859.5,0.38,0.336
1091.5,858.5,0.367,0.308
1092.5,857.5,0.516,0.358
1093.5,856.5,0.284,0.265
1094.5,855.5,0.307,0.487
1095.5,854.5,0.467,0.457
1096.5,853.5,0.285,0.29
1097.5,852.5,0.453,0.701
1098.5,851.5,0.457,0.697
1099.5,850.5,0.39,0.444
1100.5,849.5,0.294,0.479
1101.5,848.5,0.433,0.491
1102.5,847.5,0.399,0.315
1103.5,846.5,0.318,0.781
1104.5,845.5,0.409,0.592
1105.5,844.5,0.47,0.396
1106.5,843.5,0.507,0.285
1107.5,842.5,0.449,0.139
1108.5,841.5,0.394,0.387
1109.5,840.5,0.429,0.598
1110.5,839.5,0.282,0.113
1111.5,838.5,0.42,0.319
1112.5,837.5,0.381,0.347
1113.5,836.5,0.38,0.298
1114.5,835.5,0.331,0.341
1115.5,834.5,0.782,0.258
1116.5,833.5,0.3,0.428
1117.5,832.5,0.322,0.452
1118.5,831.5,0.348,0.487
1119.5,830.5,0.473,0.563
1120.5,829.5,0.5,0.473
1121.5,828.5,0.503,0.169
1122.5,827.5,0.368,0.236
1123.5,826.5,0.546,0.624
1124.5,825.5,0.384,0.342
1125.5,824.5,0.385,0.378
1126.5,823.5,0.474,0.423
1127.5,822.5,0.323,0.465
1128.5,821.5,0.37,0.395
1129.5,820.5,0.338,0.341
1130.5,819.5,0.27,0.233
1131.5,818.5,0.305,0.159
1132.5,817.5,0.462,0.281
1133.5,816.5,0.393,0.51
1134.5,815.5,0.321,0.132
1135.5,814.5,0.292,0.241
1136.5,813.5,0.269,0.345
1137.5,812.5,0.279,0.324
1138.5,811.5,0.257,0.122
1139.5,810.5,0.399,0.246
1140.5,809.5,0.303,0.348
1141.5,808.5,0.359,0.154
1142.5,807.5,0.273,0.301
1143.5,806.5,0.366,0.373
1144.5,805.5,0.546,0.39
1145.5,804.5,0.531,0.534
1146.5,803.5,0.324,0.168
1147.5,802.5,0.218,0.343
1148.5,801.5,0.276,0.296
1149.5,800.5,0.345,0.366
1150.5,799.5,0.455,0.304
1151.5,798.5,0.828,0.788
1152.5,797.5,0.466,0.409
1153.5,796.5,0.384,0.362
1154.5,795.5,0.469,0.374
1155.5,794.5,0.365,0.449
1156.5,793.5,0.383,0.335
1157.5,792.5,0.5,0.476
1158.5,791.5,0.444,0.447
1159.5,790.5,0.36,0.359
1160.5,789.5,0.453,0.366
1161.5,788.5,0.551,0.584
1162.5,787.5,0.427,0.342
1163.5,786.5,0.41,0.386
1164.5,785.5,0.432,0.348
1165.5,784.5,0.424,0.27
1166.5,783.5,0.533,0.469
1167.5,782.5,0.503,0.445
1168.5,781.5,"NaN","NaN"
1169.5,780.5,"NaN","NaN"
1170.5,779.5,0.565,0.785
1171.5,778.5,0.482,0.509
1172.5,777.5,0.557,0.338
1173.5,776.5,0.5,0.558
1174.5,775.5,0.45,0.59
1175.5,774.5,0.416,0.569
1176.5,773.5,0.527,0.718
1177.5,772.5,0.482,0.523
1178.5,771.5,0.365,0.503
1179.5,770.5,0.394,0.519
1180.5,769.5,0.463,0.462
1181.5,768.5,0.41,0.447
1182.5,767.5,0.352,0.735
1183.5,766.5,0.374,0.514
1184.5,765.5,0.431,0.533
1185.5,764.5,0.36,0.562
1186.5,763.5,0.604,0.595
1187.5,762.5,0.382,0.548
1188.5,761.5,0.421,0.468
1189.5,760.5,0.353,0.616
1190.5,759.5,0.413,0.724
1191.5,758.5,0.261,0.471
1192.5,757.5,0.32,0.571
1193.5,756.5,0.311,0.542
1194.5,755.5,0.267,0.728
1195.5,754.5,0.428,0.585
1196.5,753.5,0.374,0.558
1197.5,752.5,0.354,0.616
1198.5,751.5,0.475,0.408
1199.5,750.5,0.458,0.57
1200.5,749.5,0.555,0.511
1201.5,748.5,0.509,0.668
1202.5,747.5,0.466,0.547
1203.5,746.5,0.363,0.359
1204.5,745.5,0.428,0.473
1205.5,744.5,0.496,0.753
1206.5,743.5,0.385,0.827
1207.5,742.5,0.478,0.668
1208.5,741.5,0.574,0.615
1209.5,740.5,0.459,0.578
1210.5,739.5,0.475,0.702
1211.5,738.5,0.468,0.553
1212.5,737.5,0.5,0.596
1213.5,736.5,0.42,0.569
1214.5,735.5,0.442,0.377
1215.5,734.5,0.451,0.59
1216.5,733.5,0.407,0.415
1217.5,732.5,0.444,0.628
1218.5,731.5,0.536,0.548
1219.5,730.5,0.388,0.684
1220.5,729.5,0.403,0.513
1221.5,728.5,0.425,0.558
1222.5,727.5,0.342,0.467
1223.5,726.5,0.441,0.595
1224.5,725.5,0.47,0.363
1225.5,724.5,0.435,0.545
1226.5,723.5,0.463,0.509
1227.5,722.5,0.718,0.398
1228.5,721.5,0.357,0.407
1229.5,720.5,0.428,0.678
1230.5,719.5,0.407,0.552
1231.5,718.5,0.43,0.763
1232.5,717.5,0.316,0.549
1233.5,716.5,0.553,0.486
1234.5,715.5,0.359,0.474
1235.5,714.5,0.302,0.492
1236.5,713.5,0.63,0.528
1237.5,712.5,0.445,0.48
1238.5,711.5,0.42,0.421
1239.5,710.5,0.307,0.391
1240.5,709.5,0.31,0.441
1241.5,708.5,0.365,0.494
1242.5,707.5,0.445,0.403
1243.5,706.5,0.404,0.587
1244.5,705.5,0.396,0.346
1245.5,704.5,0.651,0.386
1246.5,703.5,0.437,0.439
1247.5,702.5,0.466,0.551
1248.5,701.5,0.54,0.578
1249.5,700.5,0.438,0.378
1250.5,699.5,0.319,0.29
1251.5,698.5,0.435,0.483
1252.5,697.5,0.375,0.431
1253.5,696.5,"NaN","NaN"
1254.5,695.5,0.383,0.446
1255.5,694.5,0.421,0.398
1256.5,693.5,0.47,0.617
1257.5,692.5,0.412,0.555
1258.5,691.5,0.374,0.396
1259.5,690.5,0.473,0.704
1260.5,689.5,0.412,0.44
1261.5,688.5,0.458,0.443
1262.5,687.5,0.459,0.604
1263.5,686.5,0.429,0.43
1264.5,685.5,0.403,0.373
1265.5,684.5,0.436,0.4
1266.5,683.5,0.433,0.508
1267.5,682.5,0.327,0.546
1268.5,681.5,0.542,0.605
1269.5,680.5,0.517,0.823
1270.5,679.5,0.383,0.877
1271.5,678.5,0.333,0.678
1272.5,677.5,0.365,0.476
1273.5,676.5,0.492,1.748
1274.5,675.5,0.448,0.362
1275.5,674.5,0.434,0.509
1276.5,673.5,0.398,0.602
1277.5,672.5,0.377,0.482
1278.5,671.5,0.342,0.134
1279.5,670.5,0.385,0.425
1280.5,669.5,0.479,0.467
1281.5,668.5,0.332,0.442
1282.5,667.5,0.419,0.464
1283.5,666.5,0.414,0.386
1284.5,665.5,0.332,0.466
1285.5,664.5,0.34,0.504
1286.5,663.5,0.339,0.528
1287.5,662.5,0.268,0.366
1288.5,661.5,0.405,0.388
1289.5,660.5,0.402,0.254
1290.5,659.5,0.424,0.422
1291.5,658.5,0.425,0.2
1292.5,657.5,0.457,0.36
1293.5,656.5,0.503,0.875
1294.5,655.5,0.409,0.493
1295.5,654.5,0.461,0.486
1296.5,653.5,0.348,0.526
1297.5,652.5,0.41,0.458
1298.5,651.5,0.342,0.858
1299.5,650.5,0.423,0.714
1300.5,649.5,0.369,0.497
1301.5,648.5,0.543,0.621
1302.5,647.5,0.503,0.649
1303.5,646.5,0.472,0.514
1304.5,645.5,0.425,0.378
1305.5,644.5,0.59,0.534
1306.5,643.5,0.469,0.639
1307.5,642.5,0.447,0.544
1308.5,641.5,0.475,0.547
1309.5,640.5,0.383,0.466
1310.5,639.5,0.688,0.43
1311.5,638.5,0.453,0.578
1312.5,637.5,0.569,0.567
1313.5,636.5,0.412,0.627
1314.5,635.5,0.627,1.144
1315.5,634.5,0.437,0.392
1316.5,633.5,0.506,0.466
1317.5,632.5,0.495,0.545
1318.5,631.5,0.476,0.493
1319.5,630.5,0.54,0.677
1320.5,629.5,0.567,0.437
1321.5,628.5,0.534,0.534
1322.5,627.5,0.51,0.443
1323.5,626.5,0.474,0.413
1324.5,625.5,0.626,0.555
1325.5,624.5,0.452,0.517
1326.5,623.5,0.435,0.524
1327.5,622.5,0.395,0.27
1328.5,621.5,0.358,0.65
1329.5,620.5,0.504,0.451
1330.5,619.5,0.546,0.408
1331.5,618.5,0.42,0.403
1332.5,617.5,0.394,0.571
1333.5,616.5,0.513,0.763
1334.5,615.5,0.443,0.575
1335.5,614.5,0.473,0.473
1336.5,613.5,0.481,0.43
1337.5,612.5,0.488,0.629
1338.5,611.5,0.45,0.419
1339.5,610.5,0.421,0.393
1340.5,609.5,0.545,0.533
1341.5,608.5,0.549,0.745
1342.5,607.5,0.4,0.471
1343.5,606.5,0.515,0.519
1344.5,605.5,0.445,0.67
1345.5,604.5,0.564,0.587
1346.5,603.5,0.463,0.559
1347.5,602.5,0.362,0.527
1348.5,601.5,0.436,0.58
1349.5,600.5,0.622,0.544
1350.5,599.5,0.442,0.412
1351.5,598.5,0.413,0.452
1352.5,597.5,0.474,0.712
1353.5,596.5,0.413,0.398
1354.5,595.5,0.411,0.57
1355.5,594.5,0.519,0.413
1356.5,593.5,0.49,0.4
1357.5,592.5,0.37,0.538
1358.5,591.5,0.443,0.564
1359.5,590.5,0.437,0.458
1360.5,589.5,0.437,0.47
1361.5,588.5,0.425,0.415
1362.5,587.5,0.46,0.434
1363.5,586.5,0.538,0.407
1364.5,585.5,0.447,0.464
1365.5,584.5,0.367,0.275
1366.5,583.5,0.498,0.512
1367.5,582.5,0.44,0.456
1368.5,581.5,0.359,0.645
1369.5,580.5,0.488,0.739
1370.5,579.5,0.425,0.528
1371.5,578.5,0.463,0.757
1372.5,577.5,0.486,0.344
1373.5,576.5,0.322,0.237
1374.5,575.5,0.295,0.266
1375.5,574.5,0.267,0.293
1376.5,573.5,0.301,0.474
1377.5,572.5,0.343,0.542
1378.5,571.5,0.388,0.304
1379.5,570.5,0.359,0.323
1380.5,569.5,0.315,0.327
1381.5,568.5,0.375,0.425
1382.5,567.5,0.205,0.438
1383.5,566.5,0.305,1.459
1384.5,565.5,0.298,0.477
1385.5,564.5,0.277,0.33
1386.5,563.5,0.358,0.369
1387.5,562.5,0.501,0.627
1388.5,561.5,0.357,0.252
1389.5,560.5,0.387,0.409
1390.5,559.5,0.308,0.283
1391.5,558.5,0.387,0.342
1392.5,557.5,0.264,0.196
1393.5,556.5,0.335,0.369
1394.5,555.5,0.325,0.11
1395.5,554.5,0.319,0.278
1396.5,553.5,0.347,0.262
1397.5,552.5,0.343,0.375
1398.5,551.5,0.285,0.384
1399.5,550.5,0.259,0.303
1400.5,549.5,0.344,0.405
1401.5,548.5,0.394,0.277
1402.5,547.5,0.224,0.234
1403.5,546.5,0.372,0.304
1404.5,545.5,0.35,0.392
1405.5,544.5,0.449,0.168
1406.5,543.5,0.32,0.383
1407.5,542.5,0.249,0.261
1408.5,541.5,0.349,0.278
1409.5,540.5,0.367,0.153
1410.5,539.5,0.297,0.386
1411.5,538.5,0.433,0.354
1412.5,537.5,0.412,0.419
1413.5,536.5,0.288,0.49
1414.5,535.5,0.275,0.487
1415.5,534.5,0.324,0.451
1416.5,533.5,0.367,0.6
1417.5,532.5,0.366,0.715
1418.5,531.5,0.407,1.083
1419.5,530.5,0.4,0.727
1420.5,529.5,"NaN",0.562
1421.5,528.5,0.756,0.678
1422.5,527.5,0.442,0.593
1423.5,526.5,0.464,0.519
1424.5,525.5,0.457,0.367
1425.5,524.5,0.479,0.552
1426.5,523.5,0.426,0.372
1427.5,522.5,0.505,0.281
1428.5,521.5,0.533,0.403
1429.5,520.5,0.362,0.352
1430.5,519.5,0.251,0.407
1431.5,518.5,0.238,0.422
1432.5,517.5,0.33,0.555
1433.5,516.5,0.392,0.355
1434.5,515.5,0.326,0.606
1435.5,514.5,0.39,0.45
1436.5,513.5,0.394,0.418
1437.5,512.5,0.332,0.55
1438.5,511.5,0.4,0.5
1439.5,510.5,0.314,0.346
1440.5,509.5,0.39,0.412
1441.5,508.5,0.298,0.455
1442.5,507.5,0.39,0.39
1443.5,506.5,0.39,0.493
1444.5,505.5,0.479,0.487
1445.5,504.5,0.335,0.498
1446.5,503.5,0.389,0.528
1447.5,502.5,0.303,0.344
1448.5,501.5,0.377,0.355
1449.5,500.5,0.389,0.408
1450.5,499.5,0.311,0.543
1451.5,498.5,0.337,0.307
1452.5,497.5,0.336,0.452
1453.5,496.5,0.346,0.415
1454.5,495.5,0.43,0.524
1455.5,494.5,0.331,0.389
1456.5,493.5,0.371,0.421
1457.5,492.5,0.4,0.448
1458.5,491.5,0.326,0.39
1459.5,490.5,0.363,0.369
1460.5,489.5,0.363,0.382
1461.5,488.5,0.381,0.401
1462.5,487.5,0.558,0.414
1463.5,486.5,0.391,0.451
1464.5,485.5,0.371,0.43
1465.5,484.5,0.376,0.823
1466.5,483.5,0.35,0.369
1467.5,482.5,0.306,0.472
1468.5,481.5,0.372,0.533
1469.5,480.5,0.362,0.475
1470.5,479.5,0.442,0.334
1471.5,478.5,0.398,0.514
1472.5,477.5,0.424,0.466
1473.5,476.5,0.397,0.572
1474.5,475.5,0.313,0.417
1475.5,474.5,0.412,0.535
1476.5,473.5,0.303,0.343
1477.5,472.5,0.411,0.498
1478.5,471.5,0.385,0.365
1479.5,470.5,0.381,0.573
1480.5,469.5,0.37,0.417
1481.5,468.5,0.47,0.434
1482.5,467.5,0.506,0.32
1483.5,466.5,0.45,0.447
1484.5,465.5,0.351,0.409
1485.5,464.5,0.349,0.546
1486.5,463.5,0.393,0.442
1487.5,462.5,0.448,0.465
1488.5,461.5,0.317,0.452
1489.5,460.5,0.369,0.438
1490.5,459.5,0.326,0.367
1491.5,458.5,0.556,0.559
1492.5,457.5,0.531,0.458
1493.5,456.5,0.423,0.572
1494.5,455.5,0.341,0.378
1495.5,454.5,0.438,0.569
1496.5,453.5,0.575,0.601
1497.5,452.5,0.448,0.629
1498.5,451.5,0.503,0.606
1499.5,450.5,0.406,1.52
1500.5,449.5,0.38,0.807
1501.5,448.5,0.402,0.41
1502.5,447.5,0.362,0.561
1503.5,446.5,0.343,0.446
1504.5,445.5,0.471,0.49
1505.5,444.5,0.346,0.373
1506.5,443.5,0.51,0.361
1507.5,442.5,0.402,0.424
1508.5,441.5,0.371,0.584
1509.5,440.5,0.428,0.487
1510.5,439.5,0.406,0.416
1511.5,438.5,0.361,0.435
1512.5,437.5,0.388,0.429
1513.5,436.5,0.322,0.525
1514.5,435.5,0.317,0.404
1515.5,434.5,0.379,0.46
1516.5,433.5,0.35,0.38
1517.5,432.5,0.373,0.562
1518.5,431.5,0.363,0.418
1519.5,430.5,0.321,0.262
1520.5,429.5,0.324,0.544
1521.5,428.5,0.45,0.473
1522.5,427.5,0.357,0.386
1523.5,426.5,0.501,0.556
1524.5,425.5,0.375,0.717
1525.5,424.5,0.482,1.23
1526.5,423.5,0.358,1.349
1527.5,422.5,0.335,0.694
1528.5,421.5,0.646,0.585
1529.5,420.5,0.429,0.573
1530.5,419.5,0.388,0.566
1531.5,418.5,0.348,0.577
1532.5,417.5,0.399,0.626
1533.5,416.5,0.448,0.518
1534.5,415.5,0.312,0.519
1535.5,414.5,0.396,0.491
1536.5,413.5,0.158,0.381
1537.5,412.5,0.468,0.581
1538.5,411.5,0.315,0.494
1539.5,410.5,0.435,0.4
1540.5,409.5,0.307,0.454
1541.5,408.5,0.452,0.459
1542.5,407.5,0.37,0.317
1543.5,406.5,0.387,0.499
1544.5,405.5,0.453,0.569
1545.5,404.5,0.32,0.323
1546.5,403.5,0.478,0.437
1547.5,402.5,0.493,0.766
1548.5,401.5,0.356,0.47
1549.5,400.5,0.36,0.437
1550.5,399.5,0.462,0.436
1551.5,398.5,0.408,0.397
1552.5,397.5,0.353,0.524
1553.5,396.5,0.359,0.419
1554.5,395.5,0.422,0.546
1555.5,394.5,0.342,0.487
1556.5,393.5,0.519,0.414
1557.5,392.5,0.442,0.443
1558.5,391.5,0.607,0.578
1559.5,390.5,0.425,0.532
1560.5,389.5,0.509,0.529
1561.5,388.5,0.496,0.571
1562.5,387.5,0.419,0.837
1563.5,386.5,0.496,0.435
1564.5,385.5,0.382,0.459
1565.5,384.5,0.377,0.576
1566.5,383.5,0.377,0.496
1567.5,382.5,0.371,0.439
1568.5,381.5,0.264,0.439
1569.5,380.5,0.303,0.517
1570.5,379.5,0.35,0.469
1571.5,378.5,0.347,0.495
1572.5,377.5,0.422,0.522
1573.5,376.5,0.381,0.646
1574.5,375.5,0.404,0.394
1575.5,374.5,0.374,0.494
1576.5,373.5,0.495,0.522
1577.5,372.5,0.366,0.425
1578.5,371.5,0.657,0.694
1579.5,370.5,0.396,0.548
1580.5,369.5,0.284,0.585
1581.5,368.5,0.294,0.434
1582.5,367.5,0.316,0.501
1583.5,366.5,0.412,0.508
1584.5,365.5,0.575,0.425
1585.5,364.5,0.395,0.628
1586.5,363.5,0.567,0.382
1587.5,362.5,0.493,0.631
1588.5,361.5,0.448,0.485
1589.5,360.5,0.476,0.614
1590.5,359.5,0.608,0.541
1591.5,358.5,0.502,0.393
1592.5,357.5,0.51,0.577
1593.5,356.5,0.514,0.552
1594.5,355.5,0.37,0.376
1595.5,354.5,0.503,0.566
1596.5,353.5,0.418,0.644
1597.5,352.5,0.611,0.845
1598.5,351.5,0.398,0.565
1599.5,350.5,0.477,0.696
1600.5,349.5,0.402,0.619
1601.5,348.5,0.374,0.372
1602.5,347.5,0.457,0.315
1603.5,346.5,0.427,0.493
1604.5,345.5,0.482,0.483
1605.5,344.5,0.575,0.87
1606.5,343.5,0.622,1.095
1607.5,342.5,0.334,0.429
1608.5,341.5,0.472,0.472
1609.5,340.5,0.472,0.627
1610.5,339.5,0.361,0.341
1611.5,338.5,0.463,0.513
1612.5,337.5,0.506,0.608
1613.5,336.5,0.508,0.575
1614.5,335.5,0.496,0.656
1615.5,334.5,0.229,0.659
1616.5,333.5,0.335,0.456
1617.5,332.5,0.256,0.288
1618.5,331.5,0.274,0.722
1619.5,330.5,0.328,0.396
1620.5,329.5,0.344,0.363
1621.5,328.5,0.35,0.452
1622.5,327.5,0.448,0.534
1623.5,326.5,0.351,0.571
1624.5,325.5,0.489,0.539
1625.5,324.5,0.616,0.712
1626.5,323.5,0.56,0.54
1627.5,322.5,0.535,0.678
1628.5,321.5,0.499,0.544
1629.5,320.5,0.393,0.454
1630.5,319.5,0.552,0.466
1631.5,318.5,0.985,0.758
1632.5,317.5,0.707,0.471
1633.5,316.5,0.483,0.49
1634.5,315.5,0.412,0.539
1635.5,314.5,0.661,0.804
1636.5,313.5,0.413,0.45
1637.5,312.5,0.513,0.686
1638.5,311.5,0.351,0.538
1639.5,310.5,0.425,0.665
1640.5,309.5,0.604,0.461
1641.5,308.5,0.458,0.372
1642.5,307.5,0.413,0.539
1643.5,306.5,0.362,0.359
1644.5,305.5,0.415,0.345
1645.5,304.5,0.424,0.254
1646.5,303.5,0.485,0.464
1647.5,302.5,0.502,0.658
1648.5,301.5,0.471,0.542
1649.5,300.5,0.43,0.37
1650.5,299.5,0.396,0.411
1651.5,298.5,0.482,0.228
1652.5,297.5,0.45,0.457
1653.5,296.5,0.45,0.516
1654.5,295.5,0.674,1.365
1655.5,294.5,0.463,0.545
1656.5,293.5,0.422,0.721
1657.5,292.5,0.271,0.517
1658.5,291.5,0.352,0.54
1659.5,290.5,0.335,0.515
1660.5,289.5,0.298,0.521
1661.5,288.5,0.295,0.55
1662.5,287.5,0.257,0.39
1663.5,286.5,0.321,1.608
1664.5,285.5,0.309,0.684
1665.5,284.5,0.331,0.594
1666.5,283.5,0.311,0.772
1667.5,282.5,0.226,0.416
1668.5,281.5,0.309,0.467
1669.5,280.5,0.362,0.477
1670.5,279.5,0.432,0.439
1671.5,278.5,0.324,0.469
1672.5,277.5,0.271,0.429
1673.5,276.5,0.308,0.574
1674.5,275.5,0.319,0.409
1675.5,274.5,0.414,0.319
1676.5,273.5,0.331,0.587
1677.5,272.5,0.268,0.488
1678.5,271.5,0.245,0.293
1679.5,270.5,0.315,0.394
1680.5,269.5,0.401,0.93
1681.5,268.5,0.283,0.235
1682.5,267.5,0.2,0.371
1683.5,266.5,0.273,0.303
1684.5,265.5,0.272,0.173
1685.5,264.5,0.198,0.407
1686.5,263.5,0.324,0.409
1687.5,262.5,0.34,0.492
1688.5,261.5,0.459,0.464
1689.5,260.5,0.342,0.461
1690.5,259.5,0.258,0.644
1691.5,258.5,0.267,0.903
1692.5,257.5,0.271,0.389
1693.5,256.5,0.292,0.436
1694.5,255.5,0.267,0.372
1695.5,254.5,0.245,0.338
1696.5,253.5,0.245,0.404
1697.5,252.5,0.253,0.605
1698.5,251.5,0.276,0.347
1699.5,250.5,0.257,0.348
1700.5,249.5,0.33,0.321
1701.5,248.5,0.268,0.406
1702.5,247.5,0.349,0.356
1703.5,246.5,0.321,0.327
1704.5,245.5,0.365,0.426
1705.5,244.5,0.294,0.483
1706.5,243.5,0.286,0.24
1707.5,242.5,0.338,0.535
1708.5,241.5,0.317,0.332
1709.5,240.5,0.482,0.376
1710.5,239.5,0.366,0.302
1711.5,238.5,0.435,0.418
1712.5,237.5,0.302,0.165
1713.5,236.5,0.316,0.483
1714.5,235.5,0.366,0.187
1715.5,234.5,0.518,0.43
1716.5,233.5,0.549,0.349
1717.5,232.5,0.254,0.263
1718.5,231.5,0.229,0.603
1719.5,230.5,0.311,0.593
1720.5,229.5,0.292,0.833
1721.5,228.5,0.184,0.426
1722.5,227.5,0.37,0.504
1723.5,226.5,0.234,0.521
1724.5,225.5,0.234,0.318
1725.5,224.5,0.279,0.483
1726.5,223.5,0.322,0.47
1727.5,222.5,0.308,0.354
1728.5,221.5,0.271,0.46
1729.5,220.5,0.227,0.356
1730.5,219.5,0.446,0.433
1731.5,218.5,0.329,0.34
1732.5,217.5,0.277,0.403
1733.5,216.5,0.291,0.419
1734.5,215.5,0.397,0.485
1735.5,214.5,0.292,0.428
1736.5,213.5,0.224,0.419
1737.5,212.5,0.32,0.57
1738.5,211.5,0.265,0.629
1739.5,210.5,0.374,0.361
1740.5,209.5,0.403,0.503
1741.5,208.5,0.323,0.444
1742.5,207.5,0.416,0.55
1743.5,206.5,0.38,0.348
1744.5,205.5,0.285,0.409
1745.5,204.5,0.33,0.529
1746.5,203.5,0.295,0.217
1747.5,202.5,0.254,0.365
1748.5,201.5,0.242,0.238
1749.5,200.5,0.283,0.686
1750.5,199.5,0.242,0.554
1751.5,198.5,0.218,0.877
1752.5,197.5,0.281,0.306
1753.5,196.5,0.196,0.304
1754.5,195.5,0.25,0.223
1755.5,194.5,0.716,0.376
1756.5,193.5,0.538,0.488
1757.5,192.5,0.659,0.594
1758.5,191.5,0.305,0.243
1759.5,190.5,0.342,0.377
1760.5,189.5,0.294,0.13
1761.5,188.5,0.303,0.306
1762.5,187.5,0.363,0.357
1763.5,186.5,0.32,0.257
1764.5,185.5,0.318,0.256
1765.5,184.5,0.296,0.265
1766.5,183.5,0.286,0.371
1767.5,182.5,0.257,0.362
1768.5,181.5,0.48,0.387
1769.5,180.5,0.406,0.278
1770.5,179.5,0.408,0.502
1771.5,178.5,0.367,0.247
1772.5,177.5,0.305,0.48
1773.5,176.5,0.311,0.301
1774.5,175.5,0.399,0.274
1775.5,174.5,0.277,0.286
1776.5,173.5,0.391,0.244
1777.5,172.5,0.4,0.35
1778.5,171.5,0.333,0.347
1779.5,170.5,0.296,0.313
1780.5,169.5,0.317,0.335
1781.5,168.5,0.303,0.351
1782.5,167.5,0.367,0.492
1783.5,166.5,0.537,0.402
1784.5,165.5,0.344,0.388
1785.5,164.5,0.277,0.412
1786.5,163.5,0.429,1.586
1787.5,162.5,0.252,0.252
1788.5,161.5,0.445,0.417
1789.5,160.5,0.343,0.395
1790.5,159.5,0.364,0.332
1791.5,158.5,0.339,0.485
1792.5,157.5,0.346,0.397
1793.5,156.5,0.371,0.314
1794.5,155.5,0.277,0.336
1795.5,154.5,0.358,0.363
1796.5,153.5,0.288,0.247
1797.5,152.5,0.262,0.358
1798.5,151.5,0.35,0.213
1799.5,150.5,0.266,0.345
1800.5,149.5,0.351,0.232
1801.5,148.5,0.299,0.332
1802.5,147.5,0.277,0.252
1803.5,146.5,0.287,0.252
1804.5,145.5,0.199,0.232
1805.5,144.5,0.366,0.441
1806.5,143.5,0.366,0.358
1807.5,142.5,0.243,0.267
1808.5,141.5,0.305,0.267
1809.5,140.5,0.23,0.239
1810.5,139.5,0.339,0.287
1811.5,138.5,0.289,0.417
1812.5,137.5,0.333,0.36
1813.5,136.5,0.279,0.693
1814.5,135.5,0.35,0.433
1815.5,134.5,0.538,0.487
1816.5,133.5,0.369,0.484
1817.5,132.5,0.382,0.314
1818.5,131.5,0.297,0.254
1819.5,130.5,0.255,0.295
1820.5,129.5,0.312,0.328
1821.5,128.5,0.299,0.274
1822.5,127.5,0.279,0.364
1823.5,126.5,0.313,0.34
1824.5,125.5,0.255,0.345
1825.5,124.5,0.233,0.365
1826.5,123.5,0.226,0.254
1827.5,122.5,0.227,0.227
1828.5,121.5,0.249,0.39
1829.5,120.5,0.339,0.164
1830.5,119.5,0.404,0.598
1831.5,118.5,0.276,0.575
1832.5,117.5,0.196,0.532
1833.5,116.5,0.35,0.397
1834.5,115.5,0.337,0.407
1835.5,114.5,0.318,0.543
1836.5,113.5,0.295,0.376
1837.5,112.5,0.29,0.327
1838.5,111.5,0.26,0.238
1839.5,110.5,0.295,0.287
1840.5,109.5,0.205,0.232
1841.5,108.5,0.567,0.274
1842.5,107.5,0.372,0.313
1843.5,106.5,0.271,0.275
1844.5,105.5,0.295,0.224
1845.5,104.5,0.248,0.277
1846.5,103.5,0.181,0.273
1847.5,102.5,0.402,0.323
1848.5,101.5,0.42,0.306
1849.5,100.5,0.287,0.403
1850.5,99.5,0.47,0.36
1851.5,98.5,0.334,0.416
1852.5,97.5,0.214,0.287
1853.5,96.5,0.282,0.276
1854.5,95.5,0.32,0.382
1855.5,94.5,0.298,0.266
1856.5,93.5,0.349,0.337
1857.5,92.5,0.4,0.357
1858.5,91.5,0.258,0.294
1859.5,90.5,0.401,0.367
1860.5,89.5,0.369,0.544
1861.5,88.5,0.341,0.263
1862.5,87.5,0.304,0.363
1863.5,86.5,0.303,0.324
1864.5,85.5,0.289,0.295
1865.5,84.5,0.274,0.251
1866.5,83.5,0.289,0.356
1867.5,82.5,0.223,0.272
1868.5,81.5,0.286,0.251
1869.5,80.5,0.419,0.536
1870.5,79.5,0.286,0.334
1871.5,78.5,0.317,0.524
1872.5,77.5,0.322,0.396
1873.5,76.5,0.259,0.206
1874.5,75.5,0.292,0.311
1875.5,74.5,0.26,0.332
1876.5,73.5,0.242,0.346
1877.5,72.5,0.28,0.251
1878.5,71.5,0.251,0.253
1879.5,70.5,0.342,0.411
1880.5,69.5,0.327,0.326
1881.5,68.5,0.324,0.283
1882.5,67.5,0.243,0.47
1883.5,66.5,0.385,0.319
1884.5,65.5,0.286,0.558
1885.5,64.5,0.265,0.295
1886.5,63.5,0.278,0.266
1887.5,62.5,0.28,0.286
1888.5,61.5,0.296,0.34
1889.5,60.5,0.276,0.322
1890.5,59.5,0.311,0.295
1891.5,58.5,0.3,0.274
1892.5,57.5,0.344,0.335
1893.5,56.5,0.289,0.37
1894.5,55.5,0.347,0.369
1895.5,54.5,0.345,0.359
1896.5,53.5,0.29,0.309
1897.5,52.5,0.307,0.465
1898.5,51.5,0.249,0.656
1899.5,50.5,0.313,0.33
1900.5,49.5,0.28,0.293
1901.5,48.5,0.348,0.32
1902.5,47.5,0.427,0.303
1903.5,46.5,0.249,0.274
1904.5,45.5,0.264,0.285
1905.5,44.5,0.252,0.18
1906.5,43.5,0.3,0.311
1907.5,42.5,0.373,0.152
1908.5,41.5,0.273,0.158
1909.5,40.5,0.299,0.37
1910.5,39.5,0.245,0.255
1911.5,38.5,0.244,0.429
1912.5,37.5,0.296,0.268
1913.5,36.5,0.248,0.203
1914.5,35.5,0.288,0.28
1915.5,34.5,0.386,0.448
1916.5,33.5,0.23,0.253
1917.5,32.5,0.207,0.154
1918.5,31.5,0.206,0.327
1919.5,30.5,0.377,0.338
1920.5,29.5,0.28,0.26
1921.5,28.5,0.249,0.399
1922.5,27.5,0.279,0.397
1923.5,26.5,0.265,0.336
1924.5,25.5,0.257,0.597
1925.5,24.5,0.241,0.488
1926.5,23.5,0.238,0.233
1927.5,22.5,0.299,0.449
1928.5,21.5,0.36,0.326
1929.5,20.5,0.287,0.338
1930.5,19.5,0.262,0.264
1931.5,18.5,0.251,0.393
1932.5,17.5,0.232,0.273
1933.5,16.5,0.356,0.199
1934.5,15.5,0.243,0.289
1935.5,14.5,0.282,0.132
1936.5,13.5,0.379,0.508
1937.5,12.5,0.249,0.143
1938.5,11.5,0.351,0.226
1939.5,10.5,0.38,0.298
1940.5,9.5,0.288,0.299
1941.5,8.5,0.332,0.356
1942.5,7.5,0.27,0.323
1943.5,6.5,0.312,0.312
1944.5,5.5,0.21,0.237
1945.5,4.5,0.276,0.283
1946.5,3.5,0.405,0.391
1947.5,2.5,0.417,0.216
1948.5,1.5,0.683,0.493
1949.5,0.5,0.333,0.222
1950.5,-0.5,0.43,0.551
1951.5,-1.5,0.351,0.725
1952.5,-2.5,0.185,0.208
1953.5,-3.5,0.247,0.172
1954.5,-4.5,0.32,0.266
1955.5,-5.5,0.312,0.453
1956.5,-6.5,0.209,0.15
1957.5,-7.5,0.293,0.326
1958.5,-8.5,0.261,0.286
1959.5,-9.5,0.363,0.33
1960.5,-10.5,"NaN","NaN"
