"Date (BP 1950)","Date (CE)","Depth(m)","Core","Min error (years)","Max error (years)"
-66,2016,1.82,"DSS1617",0,0
-65,2015,3.356,"DSS1617",0,0
-64,2014,4.608,"DSS1617",0,0
-63,2013,5.834,"DSS1617",0,0
-62,2012,6.955,"DSS1617",0,0
-61,2011,7.986,"DSS1617",0,0
-60,2010,8.926,"DSS1617",0,0
-59,2009,10.535,"DSS1617",0,0
-58,2008,11.843,"DSS1617",0,0
-57,2007,12.729,"DSS1617",0,0
-56,2006,13.974,"DSS1617",0,0
-55,2005,15.049,"DSS1617",0,0
-54,2004,16.15,"DSS1617",0,0
-53,2003,17.202,"DSS1617",0,0
-52,2002,18.231,"DSS1617",0,0
-51,2001,19.912,"DSS1617",0,0
-50,2000,20.864,"DSS1617",0,0
-49,1999,21.501,"DSS1617",0,0
-48,1998,22.486,"DSS1617",0,0
-47,1997,23.552,"DSS1617",0,0
-46,1996,24.795,"DSS1617",0,0
-45,1995,25.793,"DSS1617",0,0
-44,1994,26.523,"DSS1617",0,0
-43,1993,27.471,"DSS1617",0,0
-42,1992,28.633,"DSS1617",0,0
-41,1991,29.915,"DSS1617",0,0
-40,1990,30.786,"DSS1617",0,0
-39,1989,12.266897,"DSS97",0,0
-38,1988,13.378356,"DSS97",0,0
-37,1987,14.479809,"DSS97",0,0
-36,1986,15.730524,"DSS97",0,0
-35,1985,16.890829,"DSS97",0,0
-34,1984,18.24644,"DSS97",0,0
-33,1983,19.317189,"DSS97",0,0
-32,1982,20.324342,"DSS97",0,0
-31,1981,21.884784,"DSS97",0,0
-30,1980,23.263555,"DSS97",0,0
-29,1979,24.265145,"DSS97",0,0
-28,1978,25.007715,"DSS97",0,0
-27,1977,26.135505,"DSS97",0,0
-26,1976,27.171108,"DSS97",0,0
-25,1975,28.366323,"DSS97",0,0
-24,1974,29.533121,"DSS97",0,0
-23,1973,30.439562,"DSS97",0,0
-22,1972,31.422492,"DSS97",0,0
-21,1971,32.445169,"DSS97",0,0
-20,1970,33.370845,"DSS97",0,0
-19,1969,34.168198,"DSS97",0,0
-18,1968,34.946268,"DSS97",0,0
-17,1967,35.824116,"DSS97",0,0
-16,1966,36.562364,"DSS97",0,0
-15,1965,37.501761,"DSS97",0,0
-14,1964,38.15155,"DSS97",0,0
-13,1963,38.813301,"DSS97",0,0
-12,1962,39.566325,"DSS97",0,0
-11,1961,40.793636,"DSS97",0,0
-10,1960,41.61145,"DSS97",0,0
-9,1959,42.390501,"DSS97",0,0
-8,1958,43.33684,"DSS97",0,0
-7,1957,44.172347,"DSS97",0,0
-6,1956,45.229848,"DSS97",0,0
-5,1955,46.223037,"DSS97",0,0
-4,1954,47.021888,"DSS97",0,0
-3,1953,47.830452,"DSS97",0,0
-2,1952,48.763195,"DSS97",0,0
-1,1951,49.393571,"DSS97",0,0
0,1950,50.209735,"DSS97",0,0
1,1949,51.00278,"DSS97",0,0
2,1948,52.02453,"DSS97",0,0
3,1947,52.911268,"DSS97",0,0
4,1946,53.657733,"DSS97",0,0
5,1945,54.261615,"DSS97",0,0
6,1944,55.062526,"DSS97",0,0
7,1943,55.744595,"DSS97",0,0
8,1942,56.374746,"DSS97",0,0
9,1941,57.080605,"DSS97",0,0
10,1940,57.749775,"DSS97",0,0
11,1939,58.732084,"DSS97",0,0
12,1938,59.398535,"DSS97",0,0
13,1937,60.354389,"DSS97",0,0
14,1936,61.28826,"DSS97",0,0
15,1935,62.085291,"DSS97",0,0
16,1934,62.708498,"DSS97",0,0
17,1933,63.539782,"DSS97",0,0
18,1932,64.400742,"DSS97",0,0
19,1931,65.230247,"DSS97",0,0
20,1930,65.990831,"DSS97",0,0
21,1929,66.762957,"DSS97",0,0
22,1928,67.203875,"DSS97",0,0
23,1927,67.877363,"DSS97",0,0
24,1926,68.830985,"DSS97",0,0
25,1925,69.636235,"DSS97",0,0
26,1924,70.291129,"DSS97",0,0
27,1923,71.175259,"DSS97",0,0
28,1922,71.858261,"DSS97",0,0
29,1921,72.520041,"DSS97",0,0
30,1920,73.180024,"DSS97",0,0
31,1919,73.877326,"DSS97",0,0
32,1918,74.67951,"DSS97",0,0
33,1917,75.248698,"DSS97",0,0
34,1916,76.120138,"DSS97",0,0
35,1915,76.694901,"DSS97",0,0
36,1914,77.353337,"DSS97",0,0
37,1913,78.229648,"DSS97",0,0
38,1912,78.886369,"DSS97",0,0
39,1911,79.524584,"DSS97",0,0
40,1910,80.176523,"DSS97",0,0
41,1909,80.881722,"DSS97",0,0
42,1908,81.61367,"DSS97",0,0
43,1907,82.294024,"DSS97",0,0
44,1906,82.953887,"DSS97",0,0
45,1905,83.666092,"DSS97",0,0
46,1904,84.30991,"DSS97",0,0
47,1903,85.33611,"DSS97",0,0
48,1902,85.950525,"DSS97",0,0
49,1901,86.664442,"DSS97",0,0
50,1900,87.182424,"DSS97",0,0
51,1899,87.996977,"DSS97",0,0
52,1898,88.832641,"DSS97",0,0
53,1897,89.460529,"DSS97",0,0
54,1896,89.914766,"DSS97",0,0
55,1895,90.328754,"DSS97",0,0
56,1894,91.265663,"DSS97",0,0
57,1893,92.199567,"DSS97",0,0
58,1892,92.923483,"DSS97",0,0
59,1891,93.685096,"DSS97",0,0
60,1890,94.204,"DSS97",0,0
61,1889,94.911867,"DSS97",0,0
62,1888,95.469033,"DSS97",0,0
63,1887,96.00963359,"DSS99",0,0
64,1886,96.59485695,"DSS99",0,0
65,1885,97.14283786,"DSS99",0,0
66,1884,97.85398428,"DSS99",0,0
67,1883,98.36926696,"DSS99",0,0
68,1882,98.87167247,"DSS99",0,0
69,1881,99.59994932,"DSS99",0,0
70,1880,100.3994971,"DSS99",0,0
71,1879,100.9944587,"DSS99",0,0
72,1878,101.6626892,"DSS99",0,0
73,1877,102.2230168,"DSS99",0,0
74,1876,102.8630081,"DSS99",0,0
75,1875,103.4444156,"DSS99",0,0
76,1874,103.9678144,"DSS99",0,0
77,1873,104.68,"DSS99",0,0
78,1872,105.2184913,"DSS99",0,0
79,1871,105.8,"DSS99",0,0
80,1870,106.3813992,"DSS99",0,0
81,1869,107.1685977,"DSS99",0,0
82,1868,108.0187537,"DSS99",0,0
83,1867,108.5489743,"DSS99",0,0
84,1866,109.0928005,"DSS99",0,0
85,1865,109.7586891,"DSS99",0,0
86,1864,110.3247746,"DSS99",0,0
87,1863,110.9466191,"DSS99",0,0
88,1862,111.4574862,"DSS99",0,0
89,1861,112.230427,"DSS99",0,0
90,1860,112.7727676,"DSS99",0,0
91,1859,113.3862339,"DSS99",0,0
92,1858,114.0226125,"DSS99",0,0
93,1857,114.7625505,"DSS99",0,0
94,1856,115.5495585,"DSS99",0,0
95,1855,116.2104869,"DSS99",0,0
96,1854,116.973,"DSS99",0,0
97,1853,117.5808654,"DSS99",0,0
98,1852,118.230435,"DSS99",0,0
99,1851,118.7369287,"DSS99",0,0
100,1850,119.2335492,"DSS99",0,0
101,1849,119.8203564,"DSS99",0,0
102,1848,120.6106094,"DSS99",0,0
103,1847,121.2097243,"DSS99",0,0
104,1846,121.7745473,"DSS99",0,0
105,1845,122.4155169,"DSS99",0,0
106,1844,123.1365998,"DSS99",0,0
107,1843,123.7307923,"DSS99",0,0
108,1842,124.1954172,"DSS99",0,0
109,1841,124.7348183,"DSS99",0,0
110,1840,117.963,"DSS",0,0
111,1839,118.562,"DSS",0,0
112,1838,119.197,"DSS",0,0
113,1837,119.836,"DSS",0,0
114,1836,120.466,"DSS",0,0
115,1835,121.16,"DSS",0,0
116,1834,121.902,"DSS",0,0
117,1833,122.892,"DSS",0,0
118,1832,123.468,"DSS",0,0
119,1831,124.319,"DSS",0,0
120,1830,124.918,"DSS",0,0
121,1829,125.665,"DSS",0,0
122,1828,126.367,"DSS",0,0
123,1827,127.025,"DSS",0,0
124,1826,127.791,"DSS",0,0
125,1825,128.418,"DSS",0,0
126,1824,129.167,"DSS",0,0
127,1823,129.898,"DSS",0,0
128,1822,130.454,"DSS",0,0
129,1821,130.955,"DSS",0,0
130,1820,131.599,"DSS",0,0
131,1819,132.078,"DSS",0,0
132,1818,132.501,"DSS",0,0
133,1817,133.056,"DSS",0,0
134,1816,133.56,"DSS",0,0
135,1815,134.124,"DSS",0,0
136,1814,134.857,"DSS",0,0
137,1813,135.639,"DSS",0,0
138,1812,136.254,"DSS",0,0
139,1811,136.805,"DSS",0,0
140,1810,137.288,"DSS",0,0
141,1809,137.857,"DSS",0,0
142,1808,138.543,"DSS",0,0
143,1807,139.245,"DSS",0,0
144,1806,140.267,"DSS",0,0
145,1805,141.135,"DSS",0,0
146,1804,141.509,"DSS",0,0
147,1803,141.941,"DSS",0,0
148,1802,142.683,"DSS",0,0
149,1801,143.266,"DSS",0,0
150,1800,143.929,"DSS",0,0
151,1799,144.533,"DSS",0,0
152,1798,145.116,"DSS",0,0
153,1797,145.745,"DSS",0,0
154,1796,146.264,"DSS",0,0
155,1795,146.778,"DSS",0,0
156,1794,147.342,"DSS",0,0
157,1793,147.956,"DSS",0,0
158,1792,148.698,"DSS",0,0
159,1791,149.415,"DSS",0,0
160,1790,150.093,"DSS",0,0
161,1789,150.835,"DSS",0,0
162,1788,151.323,"DSS",0,0
163,1787,151.779,"DSS",0,0
164,1786,152.229,"DSS",0,0
165,1785,152.799,"DSS",0,0
166,1784,153.325,"DSS",0,0
167,1783,153.975,"DSS",0,0
168,1782,154.556,"DSS",0,0
169,1781,155.124,"DSS",0,0
170,1780,155.494,"DSS",0,0
171,1779,156.039,"DSS",0,0
172,1778,156.571,"DSS",0,0
173,1777,157.059,"DSS",0,0
174,1776,157.646,"DSS",0,0
175,1775,158.207,"DSS",0,0
176,1774,158.57,"DSS",0,1
177,1773,159.012,"DSS",0,1
178,1772,159.494,"DSS",0,1
179,1771,160.251,"DSS",0,1
180,1770,160.964,"DSS",0,1
181,1769,161.789,"DSS",0,1
182,1768,162.809,"DSS",0,1
183,1767,163.487,"DSS",0,1
184,1766,164.07,"DSS",0,1
185,1765,164.544,"DSS",0,1
186,1764,165.221,"DSS",0,1
187,1763,165.829,"DSS",0,1
188,1762,166.337,"DSS",0,1
189,1761,167.006,"DSS",0,1
190,1760,167.49,"DSS",0,1
191,1759,167.982,"DSS",0,1
192,1758,168.634,"DSS",0,1
193,1757,169.374,"DSS",0,1
194,1756,169.93,"DSS",0,1
195,1755,170.448,"DSS",0,1
196,1754,170.923,"DSS",0,1
197,1753,171.51,"DSS",0,1
198,1752,171.96,"DSS",0,1
199,1751,172.501,"DSS",0,1
200,1750,172.964,"DSS",0,1
201,1749,173.585,"DSS",0,1
202,1748,174.125,"DSS",0,1
203,1747,174.841,"DSS",0,1
204,1746,175.437,"DSS",0,1
205,1745,176.169,"DSS",0,1
206,1744,176.647,"DSS",0,1
207,1743,177.103,"DSS",0,1
208,1742,177.713,"DSS",0,1
209,1741,178.48,"DSS",0,1
210,1740,179.158,"DSS",0,1
211,1739,179.726,"DSS",0,1
212,1738,180.229,"DSS",0,1
213,1737,180.831,"DSS",0,1
214,1736,181.401,"DSS",0,1
215,1735,181.954,"DSS",0,1
216,1734,182.594,"DSS",0,1
217,1733,183.094,"DSS",0,1
218,1732,183.658,"DSS",0,1
219,1731,184.153,"DSS",0,1
220,1730,184.793,"DSS",0,1
221,1729,185.312,"DSS",0,1
222,1728,185.973,"DSS",0,1
223,1727,186.543,"DSS",0,1
224,1726,187.132,"DSS",0,1
225,1725,187.658,"DSS",0,1
226,1724,188.23,"DSS",0,1
227,1723,188.881,"DSS",0,1
228,1722,189.317,"DSS",0,1
229,1721,189.952,"DSS",0,1
230,1720,190.638,"DSS",0,1
231,1719,191.214,"DSS",0,1
232,1718,191.715,"DSS",0,1
233,1717,192.239,"DSS",0,1
234,1716,192.989,"DSS",0,1
235,1715,193.553,"DSS",0,1
236,1714,194.125,"DSS",0,1
237,1713,194.834,"DSS",0,1
238,1712,195.424,"DSS",0,1
239,1711,195.912,"DSS",0,1
240,1710,196.495,"DSS",0,1
241,1709,197.148,"DSS",0,1
242,1708,197.686,"DSS",0,1
243,1707,198.239,"DSS",0,1
244,1706,198.74,"DSS",0,1
245,1705,199.291,"DSS",0,1
246,1704,199.91,"DSS",0,1
247,1703,200.55,"DSS",0,1
248,1702,201.019,"DSS",0,1
249,1701,201.636,"DSS",0,1
250,1700,202.131,"DSS",0,1
251,1699,202.587,"DSS",0,1
252,1698,203.139,"DSS",0,1
253,1697,203.487,"DSS",0,1
254,1696,203.923,"DSS",0,1
255,1695,204.451,"DSS",0,1
256,1694,204.869,"DSS",0,1
257,1693,205.49,"DSS",0,1
258,1692,205.998,"DSS",0,1
259,1691,206.499,"DSS",0,1
260,1690,207.113,"DSS",0,1
261,1689,207.703,"DSS",0,1
262,1688,208.375,"DSS",0,1
263,1687,208.837,"DSS",0,1
264,1686,209.446,"DSS",0,1
265,1685,210.22,"DSS",0,1
266,1684,210.93,"DSS",0,1
267,1683,211.544,"DSS",0,1
268,1682,211.994,"DSS",0,1
269,1681,212.584,"DSS",0,1
270,1680,213.338,"DSS",0,1
271,1679,213.954,"DSS",0,1
272,1678,214.537,"DSS",0,1
273,1677,215.113,"DSS",0,1
274,1676,215.757,"DSS",0,1
275,1675,216.248,"DSS",0,1
276,1674,216.922,"DSS",0,1
277,1673,217.756,"DSS",0,1
278,1672,218.423,"DSS",0,1
279,1671,219.017,"DSS",0,1
280,1670,219.544,"DSS",0,1
281,1669,220.045,"DSS",0,1
282,1668,220.533,"DSS",0,1
283,1667,221.056,"DSS",0,1
284,1666,221.465,"DSS",0,1
285,1665,221.802,"DSS",0,1
286,1664,222.429,"DSS",0,1
287,1663,222.962,"DSS",0,1
288,1662,223.646,"DSS",0,1
289,1661,224.075,"DSS",0,1
290,1660,224.583,"DSS",0,1
291,1659,225.127,"DSS",0,1
292,1658,225.699,"DSS",0,1
293,1657,226.378,"DSS",0,1
294,1656,227.121,"DSS",0,1
295,1655,227.751,"DSS",0,1
296,1654,228.248,"DSS",0,1
297,1653,228.831,"DSS",0,1
298,1652,229.515,"DSS",0,1
299,1651,229.998,"DSS",0,1
300,1650,230.632,"DSS",0,1
301,1649,231.189,"DSS",0,1
302,1648,231.608,"DSS",0,1
303,1647,232.273,"DSS",0,1
304,1646,232.755,"DSS",0,1
305,1645,233.186,"DSS",0,1
306,1644,233.768,"DSS",0,1
307,1643,234.26,"DSS",0,1
308,1642,234.733,"DSS",0,1
309,1641,235.183,"DSS",0,1
310,1640,235.728,"DSS",0,1
311,1639,236.252,"DSS",0,1
312,1638,236.698,"DSS",0,1
313,1637,237.269,"DSS",0,1
314,1636,237.8,"DSS",0,1
315,1635,238.188,"DSS",0,1
316,1634,238.771,"DSS",0,1
317,1633,239.447,"DSS",0,1
318,1632,240.02,"DSS",0,1
319,1631,240.647,"DSS",0,1
320,1630,241.211,"DSS",0,1
321,1629,241.68,"DSS",0,1
322,1628,242.378,"DSS",0,1
323,1627,242.847,"DSS",0,1
324,1626,243.459,"DSS",0,1
325,1625,243.922,"DSS",0,1
326,1624,244.409,"DSS",0,1
327,1623,245.015,"DSS",0,1
328,1622,245.555,"DSS",0,1
329,1621,246.176,"DSS",0,1
330,1620,246.524,"DSS",0,1
331,1619,247.018,"DSS",0,1
332,1618,247.599,"DSS",0,1
333,1617,248.085,"DSS",0,1
334,1616,248.55,"DSS",0,1
335,1615,249.139,"DSS",0,1
336,1614,249.903,"DSS",0,1
337,1613,250.514,"DSS",0,1
338,1612,251.276,"DSS",0,1
339,1611,251.855,"DSS",0,1
340,1610,252.455,"DSS",0,1
341,1609,252.97,"DSS",0,1
342,1608,253.591,"DSS",0,1
343,1607,254.074,"DSS",0,1
344,1606,254.746,"DSS",0,1
345,1605,255.323,"DSS",0,1
346,1604,255.818,"DSS",0,1
347,1603,256.447,"DSS",0,1
348,1602,256.907,"DSS",0,1
349,1601,257.413,"DSS",0,1
350,1600,257.958,"DSS",0,1
351,1599,258.613,"DSS",0,1
352,1598,258.964,"DSS",0,1
353,1597,259.399,"DSS",0,1
354,1596,259.982,"DSS",0,1
355,1595,260.565,"DSS",0,1
356,1594,261.094,"DSS",0,1
357,1593,261.68,"DSS",0,1
358,1592,262.099,"DSS",0,1
359,1591,262.53,"DSS",0,1
360,1590,263.069,"DSS",0,1
361,1589,263.582,"DSS",0,1
362,1588,264.064,"DSS",0,1
363,1587,264.564,"DSS",0,1
364,1586,265.021,"DSS",0,1
365,1585,265.522,"DSS",0,1
366,1584,265.91,"DSS",0,1
367,1583,266.353,"DSS",0,1
368,1582,266.898,"DSS",0,1
369,1581,267.386,"DSS",0,1
370,1580,267.849,"DSS",0,1
371,1579,268.298,"DSS",0,1
372,1578,268.831,"DSS",0,1
373,1577,269.21,"DSS",0,1
374,1576,269.61,"DSS",0,1
375,1575,270.087,"DSS",0,1
376,1574,270.657,"DSS",0,1
377,1573,271.255,"DSS",0,1
378,1572,271.662,"DSS",0,1
379,1571,272.26,"DSS",0,1
380,1570,272.66,"DSS",0,1
381,1569,273.053,"DSS",0,1
382,1568,273.75,"DSS",0,1
383,1567,274.275,"DSS",0,1
384,1566,274.993,"DSS",0,1
385,1565,275.506,"DSS",0,1
386,1564,275.944,"DSS",0,1
387,1563,276.425,"DSS",0,1
388,1562,276.971,"DSS",0,1
389,1561,277.509,"DSS",0,1
390,1560,278.023,"DSS",0,1
391,1559,278.511,"DSS",0,1
392,1558,279.044,"DSS",0,1
393,1557,279.557,"DSS",0,1
394,1556,280.222,"DSS",0,1
395,1555,280.793,"DSS",0,1
396,1554,281.319,"DSS",0,1
397,1553,281.839,"DSS",0,1
398,1552,282.372,"DSS",0,1
399,1551,282.928,"DSS",0,1
400,1550,283.387,"DSS",0,1
401,1549,283.992,"DSS",0,1
402,1548,284.502,"DSS",0,1
403,1547,284.984,"DSS",0,1
404,1546,285.461,"DSS",0,1
405,1545,285.824,"DSS",0,1
406,1544,286.367,"DSS",0,1
407,1543,286.819,"DSS",0,1
408,1542,287.399,"DSS",0,1
409,1541,287.922,"DSS",0,1
410,1540,288.414,"DSS",0,1
411,1539,288.816,"DSS",0,1
412,1538,289.416,"DSS",0,1
413,1537,290.086,"DSS",0,1
414,1536,290.606,"DSS",0,1
415,1535,291.189,"DSS",0,1
416,1534,291.684,"DSS",0,1
417,1533,292.197,"DSS",0,1
418,1532,292.675,"DSS",0,1
419,1531,293.228,"DSS",0,1
420,1530,293.68,"DSS",0,1
421,1529,294.163,"DSS",0,1
422,1528,294.733,"DSS",0,1
423,1527,295.3,"DSS",0,1
424,1526,295.734,"DSS",0,1
425,1525,296.463,"DSS",0,1
426,1524,296.881,"DSS",0,1
427,1523,297.526,"DSS",0,1
428,1522,297.908,"DSS",0,1
429,1521,298.386,"DSS",0,1
430,1520,298.904,"DSS",0,1
431,1519,299.272,"DSS",0,1
432,1518,299.703,"DSS",0,1
433,1517,300.146,"DSS",0,1
434,1516,300.648,"DSS",0,1
435,1515,301.148,"DSS",0,1
436,1514,301.617,"DSS",0,1
437,1513,302.139,"DSS",0,1
438,1512,302.81,"DSS",0,1
439,1511,303.228,"DSS",0,1
440,1510,303.579,"DSS",0,1
441,1509,304.017,"DSS",0,1
442,1508,304.571,"DSS",0,1
443,1507,305.059,"DSS",0,1
444,1506,305.716,"DSS",0,1
445,1505,306.283,"DSS",0,1
446,1504,306.822,"DSS",0,1
447,1503,307.348,"DSS",0,1
448,1502,307.868,"DSS",0,1
449,1501,308.4,"DSS",0,1
450,1500,308.881,"DSS",0,1
451,1499,309.266,"DSS",0,1
452,1498,309.743,"DSS",0,1
453,1497,310.239,"DSS",0,1
454,1496,310.778,"DSS",0,1
455,1495,311.189,"DSS",0,1
456,1494,311.709,"DSS",0,1
457,1493,312.279,"DSS",0,1
458,1492,312.772,"DSS",0,1
459,1491,313.292,"DSS",0,1
460,1490,313.762,"DSS",0,1
461,1489,314.245,"DSS",0,1
462,1488,314.683,"DSS",0,1
463,1487,315.177,"DSS",0,1
464,1486,315.589,"DSS",0,1
465,1485,316.172,"DSS",0,1
466,1484,316.727,"DSS",0,1
467,1483,317.208,"DSS",0,1
468,1482,317.712,"DSS",0,1
469,1481,318.092,"DSS",0,1
470,1480,318.48,"DSS",0,1
471,1479,318.89,"DSS",0,1
472,1478,319.434,"DSS",0,1
473,1477,320.013,"DSS",0,1
474,1476,320.574,"DSS",0,1
475,1475,321.122,"DSS",0,1
476,1474,321.743,"DSS",0,1
477,1473,322.226,"DSS",0,1
478,1472,322.619,"DSS",0,1
479,1471,323.068,"DSS",0,1
480,1470,323.639,"DSS",0,1
481,1469,324.235,"DSS",0,1
482,1468,324.698,"DSS",0,1
483,1467,325.165,"DSS",0,1
484,1466,325.624,"DSS",0,1
485,1465,326.011,"DSS",0,1
486,1464,326.458,"DSS",0,1
487,1463,326.85,"DSS",0,1
488,1462,327.177,"DSS",0,1
489,1461,327.62,"DSS",0,1
490,1460,328.112,"DSS",0,1
491,1459,328.547,"DSS",0,1
492,1458,329.097,"DSS",0,1
493,1457,329.512,"DSS",0,1
494,1456,329.922,"DSS",0,1
495,1455,330.385,"DSS",0,1
496,1454,330.822,"DSS",0,1
497,1453,331.343,"DSS",0,1
498,1452,331.831,"DSS",0,1
499,1451,332.228,"DSS",0,1
500,1450,332.717,"DSS",0,1
501,1449,333.129,"DSS",0,1
502,1448,333.672,"DSS",0,1
503,1447,334.278,"DSS",0,1
504,1446,334.663,"DSS",0,1
505,1445,335.068,"DSS",0,1
506,1444,335.611,"DSS",0,1
507,1443,336.062,"DSS",0,1
508,1442,336.514,"DSS",0,1
509,1441,336.977,"DSS",0,1
510,1440,337.401,"DSS",0,1
511,1439,337.78,"DSS",0,1
512,1438,338.277,"DSS",0,1
513,1437,338.628,"DSS",0,1
514,1436,338.939,"DSS",0,1
515,1435,339.29,"DSS",0,1
516,1434,339.648,"DSS",0,1
517,1433,340.146,"DSS",0,1
518,1432,340.628,"DSS",0,1
519,1431,341.058,"DSS",0,1
520,1430,341.552,"DSS",0,1
521,1429,342.093,"DSS",0,1
522,1428,342.385,"DSS",0,1
523,1427,343.037,"DSS",0,1
524,1426,343.482,"DSS",0,1
525,1425,343.921,"DSS",0,1
526,1424,344.451,"DSS",0,1
527,1423,345.085,"DSS",0,1
528,1422,345.503,"DSS",0,1
529,1421,345.885,"DSS",0,1
530,1420,346.226,"DSS",0,1
531,1419,346.642,"DSS",0,1
532,1418,347.139,"DSS",0,1
533,1417,347.551,"DSS",0,1
534,1416,348.058,"DSS",0,1
535,1415,348.482,"DSS",0,1
536,1414,348.875,"DSS",0,1
537,1413,349.302,"DSS",0,1
538,1412,349.992,"DSS",0,1
539,1411,350.48,"DSS",0,1
540,1410,350.942,"DSS",0,1
541,1409,351.618,"DSS",0,1
542,1408,352.106,"DSS",0,1
543,1407,352.596,"DSS",0,1
544,1406,353.192,"DSS",0,1
545,1405,353.586,"DSS",0,1
546,1404,354.023,"DSS",0,1
547,1403,354.454,"DSS",0,1
548,1402,354.841,"DSS",0,1
549,1401,355.329,"DSS",0,1
550,1400,355.712,"DSS",0,1
551,1399,356.286,"DSS",0,1
552,1398,356.729,"DSS",0,1
553,1397,357.113,"DSS",0,1
554,1396,357.446,"DSS",0,1
555,1395,357.979,"DSS",0,1
556,1394,358.442,"DSS",0,1
557,1393,358.841,"DSS",0,1
558,1392,359.221,"DSS",0,1
559,1391,359.79,"DSS",0,1
560,1390,360.21,"DSS",0,1
561,1389,360.715,"DSS",0,1
562,1388,361.312,"DSS",0,1
563,1387,361.849,"DSS",0,1
564,1386,362.356,"DSS",0,1
565,1385,362.803,"DSS",0,1
566,1384,363.184,"DSS",0,1
567,1383,363.646,"DSS",0,1
568,1382,364.238,"DSS",0,1
569,1381,364.557,"DSS",0,1
570,1380,364.971,"DSS",0,1
571,1379,365.363,"DSS",0,1
572,1378,365.756,"DSS",0,1
573,1377,366.252,"DSS",0,1
574,1376,366.644,"DSS",0,1
575,1375,367.075,"DSS",0,1
576,1374,367.62,"DSS",0,1
577,1373,367.849,"DSS",0,1
578,1372,368.305,"DSS",0,1
579,1371,368.831,"DSS",0,1
580,1370,369.265,"DSS",0,1
581,1369,369.755,"DSS",0,1
582,1368,370.15,"DSS",0,1
583,1367,370.543,"DSS",0,1
584,1366,371.025,"DSS",0,1
585,1365,371.449,"DSS",0,1
586,1364,372.033,"DSS",0,1
587,1363,372.497,"DSS",0,1
588,1362,372.958,"DSS",0,1
589,1361,373.369,"DSS",0,1
590,1360,373.781,"DSS",0,1
591,1359,374.179,"DSS",0,1
592,1358,374.545,"DSS",0,1
593,1357,374.93,"DSS",0,1
594,1356,375.424,"DSS",0,1
595,1355,375.887,"DSS",0,1
596,1354,376.356,"DSS",0,1
597,1353,376.824,"DSS",0,1
598,1352,377.224,"DSS",0,1
599,1351,377.75,"DSS",0,1
600,1350,378.34,"DSS",0,1
601,1349,378.797,"DSS",0,1
602,1348,379.228,"DSS",0,1
603,1347,379.785,"DSS",0,1
604,1346,380.33,"DSS",0,1
605,1345,380.767,"DSS",0,1
606,1344,381.074,"DSS",0,1
607,1343,381.56,"DSS",0,1
608,1342,381.973,"DSS",0,1
609,1341,382.309,"DSS",0,1
610,1340,382.85,"DSS",0,1
611,1339,383.563,"DSS",0,1
612,1338,383.925,"DSS",0,1
613,1337,384.596,"DSS",0,1
614,1336,385.084,"DSS",0,1
615,1335,385.528,"DSS",0,1
616,1334,385.845,"DSS",0,1
617,1333,386.296,"DSS",0,1
618,1332,386.536,"DSS",0,1
619,1331,386.911,"DSS",0,1
620,1330,387.392,"DSS",0,1
621,1329,388.087,"DSS",0,1
622,1328,388.558,"DSS",0,1
623,1327,389.078,"DSS",0,1
624,1326,389.648,"DSS",0,1
625,1325,390.157,"DSS",0,1
626,1324,390.492,"DSS",0,1
627,1323,391.15,"DSS",0,1
628,1322,391.589,"DSS",0,1
629,1321,392.178,"DSS",0,1
630,1320,392.773,"DSS",0,1
631,1319,393.255,"DSS",0,1
632,1318,393.699,"DSS",0,1
633,1317,394.068,"DSS",0,1
634,1316,394.41,"DSS",0,1
635,1315,394.878,"DSS",0,1
636,1314,395.335,"DSS",0,1
637,1313,395.849,"DSS",0,1
638,1312,396.241,"DSS",0,1
639,1311,396.549,"DSS",0,1
640,1310,397.127,"DSS",0,1
641,1309,397.452,"DSS",0,1
642,1308,397.921,"DSS",0,1
643,1307,398.372,"DSS",0,1
644,1306,398.873,"DSS",0,1
645,1305,399.421,"DSS",0,1
646,1304,400.07,"DSS",0,1
647,1303,400.394,"DSS",0,1
648,1302,400.761,"DSS",0,1
649,1301,401.198,"DSS",0,1
650,1300,401.56,"DSS",0,1
651,1299,401.909,"DSS",0,1
652,1298,402.253,"DSS",0,1
653,1297,402.728,"DSS",0,1
654,1296,403.132,"DSS",0,1
655,1295,403.482,"DSS",0,1
656,1294,403.876,"DSS",0,1
657,1293,404.305,"DSS",0,1
658,1292,404.729,"DSS",0,1
659,1291,405.09,"DSS",0,1
660,1290,405.462,"DSS",0,1
661,1289,405.982,"DSS",0,1
662,1288,406.317,"DSS",0,1
663,1287,406.868,"DSS",0,1
664,1286,407.414,"DSS",0,1
665,1285,407.753,"DSS",0,1
666,1284,408.142,"DSS",0,1
667,1283,408.551,"DSS",0,1
668,1282,408.964,"DSS",0,1
669,1281,409.287,"DSS",0,1
670,1280,409.728,"DSS",0,1
671,1279,410.165,"DSS",0,1
672,1278,410.672,"DSS",0,1
673,1277,411.223,"DSS",0,1
674,1276,411.721,"DSS",0,1
675,1275,412.102,"DSS",0,1
676,1274,412.506,"DSS",0,1
677,1273,412.855,"DSS",0,1
678,1272,413.305,"DSS",0,1
679,1271,413.875,"DSS",0,1
680,1270,414.242,"DSS",0,1
681,1269,414.597,"DSS",0,1
682,1268,414.993,"DSS",0,1
683,1267,415.371,"DSS",0,1
684,1266,415.785,"DSS",0,1
685,1265,416.083,"DSS",0,1
686,1264,416.609,"DSS",0,1
687,1263,416.951,"DSS",0,1
688,1262,417.294,"DSS",0,1
689,1261,417.718,"DSS",0,1
690,1260,418.158,"DSS",0,1
691,1259,418.564,"DSS",0,1
692,1258,419.012,"DSS",0,1
693,1257,419.323,"DSS",0,1
694,1256,419.807,"DSS",0,1
695,1255,420.296,"DSS",0,1
696,1254,420.676,"DSS",0,1
697,1253,421.025,"DSS",0,1
698,1252,421.385,"DSS",0,1
699,1251,421.831,"DSS",0,1
700,1250,422.166,"DSS",0,1
701,1249,422.587,"DSS",0,1
702,1248,423.175,"DSS",0,1
703,1247,423.625,"DSS",0,1
704,1246,424.046,"DSS",0,1
705,1245,424.355,"DSS",0,1
706,1244,424.766,"DSS",0,1
707,1243,425.227,"DSS",0,1
708,1242,425.693,"DSS",0,1
709,1241,426.082,"DSS",0,1
710,1240,426.458,"DSS",0,1
711,1239,426.868,"DSS",0,1
712,1238,427.33,"DSS",0,1
713,1237,427.735,"DSS",0,1
714,1236,428.029,"DSS",0,1
715,1235,428.597,"DSS",0,1
716,1234,429.062,"DSS",0,1
717,1233,429.589,"DSS",0,1
718,1232,430.005,"DSS",0,1
719,1231,430.324,"DSS",0,1
720,1230,430.58,"DSS",0,1
721,1229,430.984,"DSS",0,1
722,1228,431.379,"DSS",0,1
723,1227,431.653,"DSS",0,1
724,1226,432.204,"DSS",0,1
725,1225,432.686,"DSS",0,1
726,1224,433.177,"DSS",0,1
727,1223,433.583,"DSS",0,1
728,1222,433.978,"DSS",0,1
729,1221,434.369,"DSS",0,1
730,1220,434.82,"DSS",0,1
731,1219,435.26,"DSS",0,1
732,1218,435.848,"DSS",0,1
733,1217,436.203,"DSS",0,1
734,1216,436.71,"DSS",0,1
735,1215,437.247,"DSS",0,1
736,1214,437.538,"DSS",0,1
737,1213,437.938,"DSS",0,1
738,1212,438.371,"DSS",0,1
739,1211,438.902,"DSS",0,1
740,1210,439.368,"DSS",0,1
741,1209,439.75,"DSS",0,1
742,1208,440.151,"DSS",0,1
743,1207,440.541,"DSS",0,1
744,1206,440.9,"DSS",0,1
745,1205,441.261,"DSS",0,1
746,1204,441.757,"DSS",0,1
747,1203,442.117,"DSS",0,1
748,1202,442.72,"DSS",0,1
749,1201,443.196,"DSS",0,1
750,1200,443.643,"DSS",0,1
751,1199,444.027,"DSS",0,1
752,1198,444.45,"DSS",0,1
753,1197,444.81,"DSS",0,1
754,1196,445.299,"DSS",0,1
755,1195,445.674,"DSS",0,1
756,1194,446.044,"DSS",0,1
757,1193,446.43,"DSS",0,1
758,1192,447.032,"DSS",0,1
759,1191,447.443,"DSS",0,1
760,1190,447.888,"DSS",0,1
761,1189,448.23,"DSS",0,1
762,1188,448.552,"DSS",0,1
763,1187,448.957,"DSS",0,1
764,1186,449.461,"DSS",0,1
765,1185,449.884,"DSS",0,1
766,1184,450.34,"DSS",0,1
767,1183,450.622,"DSS",0,1
768,1182,450.994,"DSS",0,1
769,1181,451.272,"DSS",0,1
770,1180,451.603,"DSS",0,1
771,1179,452.06,"DSS",0,1
772,1178,452.423,"DSS",0,1
773,1177,452.771,"DSS",0,1
774,1176,453.221,"DSS",0,1
775,1175,453.62,"DSS",0,1
776,1174,454.163,"DSS",0,1
777,1173,454.573,"DSS",0,1
778,1172,454.88,"DSS",0,1
779,1171,455.262,"DSS",0,1
780,1170,455.797,"DSS",0,1
781,1169,456.176,"DSS",0,1
782,1168,456.474,"DSS",0,1
783,1167,456.879,"DSS",0,1
784,1166,457.251,"DSS",0,1
785,1165,457.735,"DSS",0,1
786,1164,458.165,"DSS",0,1
787,1163,458.653,"DSS",0,1
788,1162,459.037,"DSS",0,1
789,1161,459.435,"DSS",0,1
790,1160,459.909,"DSS",0,1
791,1159,460.346,"DSS",0,1
792,1158,460.739,"DSS",0,1
793,1157,461.11,"DSS",0,1
794,1156,461.422,"DSS",0,1
795,1155,461.795,"DSS",0,1
796,1154,462.214,"DSS",0,1
797,1153,462.562,"DSS",0,1
798,1152,462.858,"DSS",0,1
799,1151,463.314,"DSS",0,1
800,1150,463.744,"DSS",0,1
801,1149,464.122,"DSS",0,1
802,1148,464.318,"DSS",0,1
803,1147,464.617,"DSS",0,1
804,1146,464.926,"DSS",0,1
805,1145,465.446,"DSS",0,1
806,1144,466.122,"DSS",0,1
807,1143,466.625,"DSS",0,1
808,1142,466.984,"DSS",0,1
809,1141,467.364,"DSS",0,1
810,1140,467.824,"DSS",0,1
811,1139,468.398,"DSS",0,1
812,1138,468.716,"DSS",0,1
813,1137,469,"DSS",0,1
814,1136,469.257,"DSS",0,1
815,1135,469.733,"DSS",0,1
816,1134,470.141,"DSS",0,1
817,1133,470.49,"DSS",0,1
818,1132,470.926,"DSS",0,1
819,1131,471.245,"DSS",0,1
820,1130,471.562,"DSS",0,1
821,1129,471.888,"DSS",0,1
822,1128,472.169,"DSS",0,1
823,1127,472.585,"DSS",0,1
824,1126,472.96,"DSS",0,1
825,1125,473.53,"DSS",0,1
826,1124,473.926,"DSS",0,1
827,1123,474.387,"DSS",0,1
828,1122,474.66,"DSS",0,1
829,1121,474.935,"DSS",0,1
830,1120,475.208,"DSS",0,1
831,1119,475.537,"DSS",0,1
832,1118,475.973,"DSS",0,1
833,1117,476.303,"DSS",0,1
834,1116,476.856,"DSS",0,1
835,1115,477.34,"DSS",0,1
836,1114,477.674,"DSS",0,1
837,1113,478.116,"DSS",0,1
838,1112,478.466,"DSS",0,1
839,1111,479.044,"DSS",0,1
840,1110,479.342,"DSS",0,1
841,1109,479.697,"DSS",0,1
842,1108,480.141,"DSS",0,1
843,1107,480.62,"DSS",0,1
844,1106,481.025,"DSS",0,1
845,1105,481.42,"DSS",0,1
846,1104,481.785,"DSS",0,1
847,1103,482.039,"DSS",0,1
848,1102,482.43,"DSS",0,1
849,1101,482.733,"DSS",0,1
850,1100,483.034,"DSS",0,1
851,1099,483.356,"DSS",0,1
852,1098,483.873,"DSS",0,1
853,1097,484.223,"DSS",0,1
854,1096,484.575,"DSS",0,1
855,1095,485.065,"DSS",0,1
856,1094,485.541,"DSS",1,1
857,1093,486.072,"DSS",1,1
858,1092,486.481,"DSS",1,1
859,1091,486.873,"DSS",1,1
860,1090,487.215,"DSS",1,1
861,1089,487.684,"DSS",1,1
862,1088,488.034,"DSS",1,1
863,1087,488.359,"DSS",1,1
864,1086,488.598,"DSS",1,1
865,1085,488.824,"DSS",1,1
866,1084,489.17,"DSS",1,1
867,1083,489.549,"DSS",1,1
868,1082,489.869,"DSS",1,1
869,1081,490.213,"DSS",1,1
870,1080,490.575,"DSS",1,1
871,1079,490.958,"DSS",1,1
872,1078,491.234,"DSS",1,1
873,1077,491.541,"DSS",1,1
874,1076,491.986,"DSS",1,1
875,1075,492.29,"DSS",1,1
876,1074,492.714,"DSS",1,1
877,1073,493.157,"DSS",1,1
878,1072,493.459,"DSS",1,1
879,1071,493.837,"DSS",1,1
880,1070,494.29,"DSS",1,1
881,1069,494.645,"DSS",1,1
882,1068,495.108,"DSS",1,1
883,1067,495.433,"DSS",1,1
884,1066,495.797,"DSS",1,1
885,1065,496.279,"DSS",1,1
886,1064,496.644,"DSS",1,1
887,1063,496.928,"DSS",1,1
888,1062,497.232,"DSS",1,1
889,1061,497.582,"DSS",1,1
890,1060,498.056,"DSS",1,1
891,1059,498.391,"DSS",1,1
892,1058,498.681,"DSS",1,1
893,1057,499.217,"DSS",1,1
894,1056,499.613,"DSS",1,1
895,1055,499.918,"DSS",1,1
896,1054,500.247,"DSS",1,1
897,1053,500.658,"DSS",1,1
898,1052,501.001,"DSS",1,1
899,1051,501.437,"DSS",1,1
900,1050,501.828,"DSS",1,1
901,1049,502.096,"DSS",1,1
902,1048,502.537,"DSS",1,1
903,1047,502.918,"DSS",1,1
904,1046,503.373,"DSS",1,1
905,1045,503.729,"DSS",1,1
906,1044,504.166,"DSS",1,1
907,1043,504.615,"DSS",1,1
908,1042,505.04,"DSS",1,1
909,1041,505.355,"DSS",1,1
910,1040,505.759,"DSS",1,1
911,1039,506.222,"DSS",1,1
912,1038,506.591,"DSS",1,1
913,1037,506.932,"DSS",1,1
914,1036,507.285,"DSS",1,1
915,1035,507.527,"DSS",1,1
916,1034,507.914,"DSS",1,1
917,1033,508.259,"DSS",1,1
918,1032,508.563,"DSS",1,1
919,1031,508.862,"DSS",1,1
920,1030,509.257,"DSS",1,1
921,1029,509.561,"DSS",1,1
922,1028,509.993,"DSS",1,1
923,1027,510.308,"DSS",1,1
924,1026,510.617,"DSS",1,1
925,1025,510.995,"DSS",1,1
926,1024,511.336,"DSS",1,1
927,1023,511.609,"DSS",1,1
928,1022,512.098,"DSS",1,1
929,1021,512.439,"DSS",1,1
930,1020,512.794,"DSS",1,1
931,1019,513.044,"DSS",1,1
932,1018,513.327,"DSS",1,1
933,1017,513.653,"DSS",1,1
934,1016,514.077,"DSS",1,1
935,1015,514.367,"DSS",1,1
936,1014,514.704,"DSS",1,1
937,1013,515.027,"DSS",1,1
938,1012,515.5,"DSS",1,1
939,1011,515.899,"DSS",1,1
940,1010,516.317,"DSS",1,1
941,1009,516.71,"DSS",1,1
942,1008,517.034,"DSS",1,1
943,1007,517.427,"DSS",1,1
944,1006,517.814,"DSS",1,1
945,1005,518.148,"DSS",1,1
946,1004,518.615,"DSS",1,1
947,1003,518.975,"DSS",1,1
948,1002,519.327,"DSS",1,1
949,1001,519.712,"DSS",1,1
950,1000,520.204,"DSS",1,1
951,999,520.553,"DSS",1,1
952,998,520.799,"DSS",1,1
953,997,521.126,"DSS",1,1
954,996,521.524,"DSS",1,1
955,995,521.881,"DSS",1,1
956,994,522.268,"DSS",1,1
957,993,522.574,"DSS",1,1
958,992,522.736,"DSS",1,2
959,991,522.953,"DSS",1,2
960,990,523.271,"DSS",1,2
961,989,523.71,"DSS",2,2
962,988,523.983,"DSS",2,2
963,987,524.332,"DSS",2,2
964,986,524.688,"DSS",2,2
965,985,525.067,"DSS",2,2
966,984,525.49,"DSS",2,2
967,983,525.98,"DSS",2,2
968,982,526.454,"DSS",2,2
969,981,526.933,"DSS",2,2
970,980,527.233,"DSS",2,2
971,979,527.58,"DSS",2,2
972,978,527.995,"DSS",2,2
973,977,528.305,"DSS",2,2
974,976,528.616,"DSS",2,2
975,975,529.047,"DSS",2,2
976,974,529.426,"DSS",2,2
977,973,529.772,"DSS",2,2
978,972,530.091,"DSS",2,2
979,971,530.383,"DSS",2,2
980,970,530.724,"DSS",2,2
981,969,531.025,"DSS",2,2
982,968,531.311,"DSS",2,2
983,967,531.634,"DSS",2,2
984,966,532.021,"DSS",2,2
985,965,532.319,"DSS",2,2
986,964,532.617,"DSS",2,2
987,963,533.045,"DSS",2,2
988,962,533.596,"DSS",2,2
989,961,533.894,"DSS",2,2
990,960,534.218,"DSS",2,2
991,959,534.381,"DSS",2,3
992,958,534.601,"DSS",2,3
993,957,534.902,"DSS",2,3
994,956,535.25,"DSS",2,3
995,955,535.489,"DSS",2,3
996,954,535.76,"DSS",2,3
997,953,536.143,"DSS",2,3
998,952,536.448,"DSS",2,3
999,951,536.79,"DSS",2,3
1000,950,537.082,"DSS",2,3
1001,949,537.41,"DSS",3,3
1002,948,537.746,"DSS",3,3
1003,947,538.219,"DSS",3,3
1004,946,538.565,"DSS",3,3
1005,945,538.895,"DSS",3,3
1006,944,539.179,"DSS",3,3
1007,943,539.465,"DSS",3,3
1008,942,539.807,"DSS",3,3
1009,941,540.159,"DSS",3,3
1010,940,540.497,"DSS",3,3
1011,939,540.831,"DSS",3,3
1012,938,541.116,"DSS",3,3
1013,937,541.489,"DSS",3,3
1014,936,541.8,"DSS",3,3
1015,935,542.22,"DSS",3,3
1016,934,542.57,"DSS",3,3
1017,933,542.887,"DSS",3,3
1018,932,543.177,"DSS",3,3
1019,931,543.486,"DSS",3,3
1020,930,543.969,"DSS",3,3
1021,929,544.288,"DSS",3,3
1022,928,544.659,"DSS",3,3
1023,927,544.99,"DSS",3,3
1024,926,545.337,"DSS",3,3
1025,925,545.728,"DSS",3,3
1026,924,546.004,"DSS",3,3
1027,923,546.391,"DSS",3,3
1028,922,546.843,"DSS",3,3
1029,921,547.144,"DSS",3,3
1030,920,547.426,"DSS",3,3
1031,919,547.686,"DSS",3,3
1032,918,548.033,"DSS",3,3
1033,917,548.356,"DSS",3,3
1034,916,548.653,"DSS",3,3
1035,915,548.971,"DSS",3,3
1036,914,549.323,"DSS",3,3
1037,913,549.575,"DSS",3,3
1038,912,549.854,"DSS",3,3
1039,911,550.26,"DSS",3,3
1040,910,550.585,"DSS",3,3
1041,909,550.971,"DSS",3,3
1042,908,551.222,"DSS",3,3
1043,907,551.554,"DSS",3,3
1044,906,552.02,"DSS",3,3
1045,905,552.211,"DSS",3,3
1046,904,552.532,"DSS",3,3
1047,903,552.838,"DSS",3,3
1048,902,553.172,"DSS",3,3
1049,901,553.454,"DSS",3,3
1050,900,553.785,"DSS",3,3
1051,899,554.162,"DSS",4,3
1052,898,554.41,"DSS",4,3
1053,897,554.762,"DSS",4,3
1054,896,555.165,"DSS",4,3
1055,895,555.575,"DSS",4,3
1056,894,556.052,"DSS",4,3
1057,893,556.379,"DSS",4,3
1058,892,556.704,"DSS",4,3
1059,891,556.979,"DSS",4,3
1060,890,557.29,"DSS",4,3
1061,889,557.647,"DSS",4,3
1062,888,558.058,"DSS",4,3
1063,887,558.345,"DSS",4,3
1064,886,558.634,"DSS",4,3
1065,885,558.899,"DSS",4,3
1066,884,559.209,"DSS",4,3
1067,883,559.464,"DSS",4,3
1068,882,559.787,"DSS",4,3
1069,881,560.055,"DSS",4,3
1070,880,560.325,"DSS",4,3
1071,879,560.655,"DSS",4,3
1072,878,561.044,"DSS",4,3
1073,877,561.321,"DSS",4,3
1074,876,561.562,"DSS",4,3
1075,875,561.956,"DSS",4,3
1076,874,562.33,"DSS",4,3
1077,873,562.649,"DSS",4,3
1078,872,562.886,"DSS",4,3
1079,871,563.148,"DSS",4,3
1080,870,563.531,"DSS",4,3
1081,869,564.007,"DSS",4,3
1082,868,564.343,"DSS",4,3
1083,867,564.672,"DSS",4,3
1084,866,565.091,"DSS",4,3
1085,865,565.479,"DSS",4,3
1086,864,565.756,"DSS",4,3
1087,863,566.136,"DSS",4,3
1088,862,566.47,"DSS",4,3
1089,861,566.881,"DSS",4,3
1090,860,567.182,"DSS",4,3
1091,859,567.575,"DSS",4,3
1092,858,567.961,"DSS",4,3
1093,857,568.275,"DSS",4,3
1094,856,568.601,"DSS",4,3
1095,855,568.862,"DSS",4,3
1096,854,569.172,"DSS",4,3
1097,853,569.454,"DSS",4,3
1098,852,569.784,"DSS",4,3
1099,851,570.141,"DSS",4,3
1100,850,570.49,"DSS",4,3
1101,849,570.731,"DSS",4,3
1102,848,571.057,"DSS",4,3
1103,847,571.424,"DSS",4,3
1104,846,571.647,"DSS",4,3
1105,845,571.923,"DSS",4,3
1106,844,572.163,"DSS",4,3
1107,843,572.446,"DSS",4,3
1108,842,572.836,"DSS",4,3
1109,841,573.104,"DSS",4,3
1110,840,573.338,"DSS",4,3
1111,839,573.642,"DSS",4,3
1112,838,574.094,"DSS",4,3
1113,837,574.548,"DSS",4,3
1114,836,574.908,"DSS",4,3
1115,835,575.213,"DSS",4,3
1116,834,575.575,"DSS",4,3
1117,833,576.102,"DSS",4,3
1118,832,576.458,"DSS",4,3
1119,831,576.807,"DSS",4,3
1120,830,577.201,"DSS",4,3
1121,829,577.464,"DSS",4,3
1122,828,577.678,"DSS",4,3
1123,827,577.896,"DSS",4,3
1124,826,578.338,"DSS",4,3
1125,825,578.718,"DSS",4,3
1126,824,578.982,"DSS",4,3
1127,823,579.264,"DSS",4,3
1128,822,579.548,"DSS",4,3
1129,821,579.814,"DSS",4,3
1130,820,580.156,"DSS",4,3
1131,819,580.496,"DSS",4,3
1132,818,580.82,"DSS",4,3
1133,817,581.05,"DSS",4,3
1134,816,581.386,"DSS",4,3
1135,815,581.634,"DSS",4,3
1136,814,581.954,"DSS",4,3
1137,813,582.183,"DSS",4,3
1138,812,582.527,"DSS",4,3
1139,811,582.905,"DSS",4,3
1140,810,583.205,"DSS",4,3
1141,809,583.61,"DSS",4,3
1142,808,583.862,"DSS",4,3
1143,807,584.227,"DSS",4,3
1144,806,584.584,"DSS",4,3
1145,805,584.821,"DSS",4,3
1146,804,585.122,"DSS",4,3
1147,803,585.489,"DSS",4,3
1148,802,585.904,"DSS",4,3
1149,801,586.116,"DSS",4,3
1150,800,586.497,"DSS",4,3
1151,799,586.83,"DSS",4,3
1152,798,587.235,"DSS",4,3
1153,797,587.495,"DSS",4,3
1154,796,587.779,"DSS",4,3
1155,795,588.072,"DSS",4,3
1156,794,588.454,"DSS",4,3
1157,793,588.756,"DSS",4,3
1158,792,589.001,"DSS",4,3
1159,791,589.254,"DSS",4,3
1160,790,589.535,"DSS",4,3
1161,789,589.786,"DSS",4,3
1162,788,590.103,"DSS",4,3
1163,787,590.437,"DSS",4,3
1164,786,590.76,"DSS",4,3
1165,785,591.14,"DSS",4,3
1166,784,591.383,"DSS",4,3
1167,783,591.729,"DSS",4,3
1168,782,592.028,"DSS",4,3
1169,781,592.411,"DSS",4,3
1170,780,592.622,"DSS",4,3
1171,779,592.962,"DSS",4,3
1172,778,593.357,"DSS",4,3
1173,777,593.597,"DSS",4,3
1174,776,593.873,"DSS",4,3
1175,775,594.253,"DSS",4,3
1176,774,594.59,"DSS",4,3
1177,773,595.004,"DSS",4,3
1178,772,595.347,"DSS",4,3
1179,771,595.742,"DSS",4,3
1180,770,596.107,"DSS",4,3
1181,769,596.442,"DSS",4,3
1182,768,596.732,"DSS",4,3
1183,767,597.051,"DSS",4,3
1184,766,597.33,"DSS",4,3
1185,765,597.672,"DSS",4,3
1186,764,597.922,"DSS",4,3
1187,763,598.217,"DSS",4,3
1188,762,598.686,"DSS",4,3
1189,761,599.018,"DSS",4,3
1190,760,599.286,"DSS",4,3
1191,759,599.618,"DSS",4,3
1192,758,599.936,"DSS",4,3
1193,757,600.342,"DSS",4,3
1194,756,600.699,"DSS",4,3
1195,755,600.982,"DSS",4,3
1196,754,601.376,"DSS",4,3
1197,753,601.71,"DSS",4,3
1198,752,602.103,"DSS",4,3
1199,751,602.515,"DSS",4,3
1200,750,602.94,"DSS",4,3
1201,749,603.218,"DSS",4,3
1202,748,603.534,"DSS",4,3
1203,747,603.99,"DSS",4,3
1204,746,604.413,"DSS",4,3
1205,745,604.71,"DSS",4,3
1206,744,605.029,"DSS",4,3
1207,743,605.414,"DSS",4,3
1208,742,605.696,"DSS",4,3
1209,741,605.993,"DSS",4,3
1210,740,606.215,"DSS",4,3
1211,739,606.586,"DSS",4,3
1212,738,607.022,"DSS",4,3
1213,737,607.293,"DSS",4,3
1214,736,607.693,"DSS",4,3
1215,735,607.985,"DSS",4,3
1216,734,608.302,"DSS",4,3
1217,733,608.671,"DSS",4,3
1218,732,608.963,"DSS",4,3
1219,731,609.349,"DSS",4,3
1220,730,609.556,"DSS",4,3
1221,729,609.888,"DSS",4,3
1222,728,610.238,"DSS",5,3
1223,727,610.591,"DSS",5,3
1224,726,610.855,"DSS",5,3
1225,725,611.094,"DSS",5,3
1226,724,611.462,"DSS",5,3
1227,723,611.722,"DSS",5,3
1228,722,611.961,"DSS",5,3
1229,721,612.298,"DSS",5,3
1230,720,612.527,"DSS",5,3
1231,719,612.831,"DSS",5,3
1232,718,613.135,"DSS",5,3
1233,717,613.454,"DSS",5,3
1234,716,613.763,"DSS",6,3
1235,715,614.159,"DSS",6,3
1236,714,614.501,"DSS",6,3
1237,713,614.693,"DSS",6,3
1238,712,615.041,"DSS",7,3
1239,711,615.496,"DSS",8,3
1240,710,615.774,"DSS",8,3
1241,709,616.151,"DSS",8,3
1242,708,616.401,"DSS",8,3
1243,707,616.711,"DSS",8,3
1244,706,617.036,"DSS",8,3
1245,705,617.397,"DSS",8,3
1246,704,617.704,"DSS",8,3
1247,703,617.935,"DSS",8,3
1248,702,618.193,"DSS",8,3
1249,701,618.512,"DSS",8,3
1250,700,618.708,"DSS",8,3
1251,699,619.007,"DSS",8,3
1252,698,619.386,"DSS",8,3
1253,697,619.664,"DSS",8,3
1254,696,620.009,"DSS",8,3
1255,695,620.248,"DSS",8,3
1256,694,620.477,"DSS",8,3
1257,693,620.705,"DSS",8,3
1258,692,620.981,"DSS",8,3
1259,691,621.306,"DSS",8,3
1260,690,621.534,"DSS",8,3
1261,689,621.772,"DSS",8,3
1262,688,622.098,"DSS",8,3
1263,687,622.298,"DSS",8,3
1264,686,622.646,"DSS",8,3
1265,685,622.876,"DSS",8,3
1266,684,623.173,"DSS",8,3
1267,683,623.51,"DSS",8,3
1268,682,623.811,"DSS",8,3
1269,681,624.028,"DSS",8,3
1270,680,624.293,"DSS",8,3
1271,679,624.574,"DSS",8,3
1272,678,624.872,"DSS",8,3
1273,677,625.161,"DSS",8,3
1274,676,625.39,"DSS",8,3
1275,675,625.703,"DSS",8,3
1276,674,625.92,"DSS",8,3
1277,673,626.211,"DSS",8,3
1278,672,626.428,"DSS",8,3
1279,671,626.632,"DSS",8,3
1280,670,626.809,"DSS",8,3
1281,669,627.074,"DSS",8,3
1282,668,627.405,"DSS",8,3
1283,667,627.709,"DSS",8,3
1284,666,627.901,"DSS",8,3
1285,665,628.178,"DSS",8,3
1286,664,628.47,"DSS",8,3
1287,663,628.789,"DSS",8,3
1288,662,629.121,"DSS",8,3
1289,661,629.42,"DSS",8,3
1290,660,629.705,"DSS",8,3
1291,659,630.021,"DSS",8,3
1292,658,630.281,"DSS",8,3
1293,657,630.541,"DSS",8,3
1294,656,630.841,"DSS",8,3
1295,655,631.108,"DSS",8,3
1296,654,631.377,"DSS",8,3
1297,653,631.621,"DSS",8,3
1298,652,631.886,"DSS",8,3
1299,651,632.227,"DSS",8,3
1300,650,632.559,"DSS",8,3
1301,649,632.843,"DSS",8,3
1302,648,633.102,"DSS",8,3
1303,647,633.406,"DSS",8,3
1304,646,633.704,"DSS",8,3
1305,645,634.103,"DSS",8,3
1306,644,634.426,"DSS",8,3
1307,643,634.667,"DSS",8,3
1308,642,634.899,"DSS",8,3
1309,641,635.21,"DSS",8,3
1310,640,635.495,"DSS",8,3
1311,639,635.786,"DSS",8,3
1312,638,636.274,"DSS",8,3
1313,637,636.548,"DSS",8,3
1314,636,636.826,"DSS",8,3
1315,635,637.08,"DSS",8,3
1316,634,637.387,"DSS",8,3
1317,633,637.679,"DSS",8,3
1318,632,637.97,"DSS",8,3
1319,631,638.304,"DSS",8,3
1320,630,638.584,"DSS",8,3
1321,629,638.851,"DSS",8,3
1322,628,639.153,"DSS",8,3
1323,627,639.576,"DSS",9,3
1324,626,639.825,"DSS",9,3
1325,625,640.129,"DSS",9,3
1326,624,640.331,"DSS",9,3
1327,623,640.561,"DSS",9,3
1328,622,640.857,"DSS",9,3
1329,621,641.039,"DSS",9,3
1330,620,641.288,"DSS",9,3
1331,619,641.634,"DSS",9,3
1332,618,642.002,"DSS",9,3
1333,617,642.248,"DSS",9,3
1334,616,642.456,"DSS",9,3
1335,615,642.709,"DSS",9,3
1336,614,643.007,"DSS",9,3
1337,613,643.33,"DSS",9,3
1338,612,643.608,"DSS",9,3
1339,611,643.85,"DSS",9,3
1340,610,644.072,"DSS",9,3
1341,609,644.383,"DSS",9,3
1342,608,644.718,"DSS",9,3
1343,607,644.999,"DSS",9,3
1344,606,645.34,"DSS",9,3
1345,605,645.589,"DSS",9,3
1346,604,645.8,"DSS",9,3
1347,603,646.099,"DSS",9,3
1348,602,646.435,"DSS",9,3
1349,601,646.835,"DSS",9,3
1350,600,647.082,"DSS",9,3
1351,599,647.376,"DSS",9,3
1352,598,647.63,"DSS",9,3
1353,597,647.975,"DSS",9,3
1354,596,648.234,"DSS",9,3
1355,595,648.463,"DSS",9,3
1356,594,648.684,"DSS",9,3
1357,593,648.983,"DSS",9,3
1358,592,649.274,"DSS",9,3
1359,591,649.56,"DSS",9,3
1360,590,649.856,"DSS",9,3
1361,589,650.282,"DSS",9,3
1362,588,650.609,"DSS",10,3
1363,587,650.937,"DSS",10,3
1364,586,651.236,"DSS",10,3
1365,585,651.383,"DSS",10,4
1366,584,651.566,"DSS",10,4
1367,583,651.755,"DSS",10,4
1368,582,652.032,"DSS",10,4
1369,581,652.29,"DSS",10,4
1370,580,652.534,"DSS",10,4
1371,579,652.756,"DSS",10,4
1372,578,652.98,"DSS",10,4
1373,577,653.432,"DSS",10,4
1374,576,653.8,"DSS",10,4
1375,575,654.19,"DSS",10,4
1376,574,654.471,"DSS",10,4
1377,573,654.792,"DSS",10,4
1378,572,655.001,"DSS",10,4
1379,571,655.291,"DSS",10,4
1380,570,655.615,"DSS",10,4
1381,569,655.856,"DSS",10,4
1382,568,656.005,"DSS",10,4
1383,567,656.194,"DSS",10,4
1384,566,656.427,"DSS",10,4
1385,565,656.642,"DSS",10,4
1386,564,656.864,"DSS",10,4
1387,563,657.156,"DSS",10,4
1388,562,657.397,"DSS",10,4
1389,561,657.691,"DSS",10,4
1390,560,657.885,"DSS",10,4
1391,559,658.179,"DSS",10,4
1392,558,658.493,"DSS",10,4
1393,557,658.716,"DSS",10,4
1394,556,658.83,"DSS",10,5
1395,555,659.118,"DSS",10,5
1396,554,659.376,"DSS",10,5
1397,553,659.584,"DSS",10,5
1398,552,659.86,"DSS",10,5
1399,551,660.173,"DSS",10,5
1400,550,660.385,"DSS",10,5
1401,549,660.678,"DSS",10,5
1402,548,660.987,"DSS",10,5
1403,547,661.226,"DSS",10,5
1404,546,661.559,"DSS",10,5
1405,545,661.824,"DSS",10,5
1406,544,662.064,"DSS",10,5
1407,543,662.349,"DSS",10,5
1408,542,662.648,"DSS",10,5
1409,541,662.916,"DSS",10,5
1410,540,663.19,"DSS",10,5
1411,539,663.451,"DSS",10,5
1412,538,663.642,"DSS",10,5
1413,537,663.957,"DSS",10,5
1414,536,664.268,"DSS",10,5
1415,535,664.547,"DSS",10,5
1416,534,664.812,"DSS",10,5
1417,533,665.13,"DSS",10,5
1418,532,665.39,"DSS",10,5
1419,531,665.665,"DSS",10,5
1420,530,665.975,"DSS",10,5
1421,529,666.354,"DSS",10,5
1422,528,666.571,"DSS",10,5
1423,527,666.781,"DSS",10,5
1424,526,667.027,"DSS",10,5
1425,525,667.262,"DSS",10,5
1426,524,667.534,"DSS",10,5
1427,523,667.722,"DSS",10,5
1428,522,668.057,"DSS",10,5
1429,521,668.378,"DSS",10,5
1430,520,668.665,"DSS",10,5
1431,519,668.924,"DSS",10,5
1432,518,669.203,"DSS",10,5
1433,517,669.375,"DSS",10,5
1434,516,669.584,"DSS",10,5
1435,515,669.907,"DSS",10,5
1436,514,670.23,"DSS",10,5
1437,513,670.522,"DSS",10,5
1438,512,670.83,"DSS",10,5
1439,511,671.189,"DSS",10,5
1440,510,671.373,"DSS",10,5
1441,509,671.677,"DSS",10,5
1442,508,671.982,"DSS",10,5
1443,507,672.277,"DSS",10,5
1444,506,672.539,"DSS",10,5
1445,505,672.875,"DSS",10,5
1446,504,673.097,"DSS",10,5
1447,503,673.491,"DSS",11,5
1448,502,673.738,"DSS",11,5
1449,501,674.015,"DSS",11,5
1450,500,674.304,"DSS",11,5
1451,499,674.614,"DSS",11,5
1452,498,674.873,"DSS",11,5
1453,497,675.162,"DSS",11,5
1454,496,675.4,"DSS",11,5
1455,495,675.711,"DSS",11,5
1456,494,675.932,"DSS",11,5
1457,493,676.173,"DSS",11,5
1458,492,676.446,"DSS",11,5
1459,491,676.674,"DSS",11,5
1460,490,676.921,"DSS",11,5
1461,489,677.25,"DSS",11,5
1462,488,677.489,"DSS",11,5
1463,487,677.786,"DSS",11,5
1464,486,678.016,"DSS",11,5
1465,485,678.293,"DSS",11,5
1466,484,678.47,"DSS",11,5
1467,483,678.646,"DSS",11,5
1468,482,679.006,"DSS",11,5
1469,481,679.26,"DSS",11,5
1470,480,679.523,"DSS",11,5
1471,479,679.805,"DSS",11,5
1472,478,680.074,"DSS",11,5
1473,477,680.384,"DSS",11,5
1474,476,680.693,"DSS",11,5
1475,475,680.95,"DSS",11,5
1476,474,681.159,"DSS",11,5
1477,473,681.413,"DSS",11,5
1478,472,681.693,"DSS",11,5
1479,471,681.93,"DSS",11,5
1480,470,682.23,"DSS",11,5
1481,469,682.489,"DSS",11,5
1482,468,682.699,"DSS",11,5
1483,467,682.899,"DSS",11,5
1484,466,683.175,"DSS",11,5
1485,465,683.514,"DSS",11,5
1486,464,683.761,"DSS",11,5
1487,463,684.08,"DSS",11,5
1488,462,684.433,"DSS",11,5
1489,461,684.71,"DSS",11,5
1490,460,684.95,"DSS",11,5
1491,459,685.267,"DSS",11,5
1492,458,685.606,"DSS",11,5
1493,457,685.856,"DSS",11,5
1494,456,686.072,"DSS",11,5
1495,455,686.292,"DSS",11,5
1496,454,686.54,"DSS",11,5
1497,453,686.664,"DSS",11,6
1498,452,686.857,"DSS",11,6
1499,451,687.077,"DSS",11,6
1500,450,687.309,"DSS",11,6
1501,449,687.562,"DSS",11,6
1502,448,687.76,"DSS",11,6
1503,447,688.016,"DSS",11,6
1504,446,688.336,"DSS",11,6
1505,445,688.649,"DSS",11,6
1506,444,688.835,"DSS",11,6
1507,443,689.078,"DSS",11,6
1508,442,689.332,"DSS",11,6
1509,441,689.545,"DSS",11,6
1510,440,689.854,"DSS",11,6
1511,439,690.17,"DSS",11,6
1512,438,690.442,"DSS",11,6
1513,437,690.676,"DSS",11,6
1514,436,690.923,"DSS",11,6
1515,435,691.215,"DSS",11,6
1516,434,691.5,"DSS",11,6
1517,433,691.715,"DSS",11,6
1518,432,691.964,"DSS",11,6
1519,431,692.241,"DSS",11,6
1520,430,692.484,"DSS",11,6
1521,429,692.792,"DSS",11,6
1522,428,693.202,"DSS",11,6
1523,427,693.494,"DSS",11,6
1524,426,693.709,"DSS",11,6
1525,425,694.013,"DSS",11,6
1526,424,694.292,"DSS",11,6
1527,423,694.585,"DSS",11,6
1528,422,694.878,"DSS",11,6
1529,421,695.186,"DSS",11,6
1530,420,695.447,"DSS",11,6
1531,419,695.757,"DSS",11,6
1532,418,696.055,"DSS",11,6
1533,417,696.326,"DSS",11,6
1534,416,696.554,"DSS",11,6
1535,415,696.885,"DSS",11,6
1536,414,697.165,"DSS",11,6
1537,413,697.47,"DSS",11,6
1538,412,697.691,"DSS",11,6
1539,411,697.956,"DSS",11,6
1540,410,698.285,"DSS",11,6
1541,409,698.599,"DSS",11,6
1542,408,698.88,"DSS",11,6
1543,407,699.12,"DSS",11,6
1544,406,699.394,"DSS",11,6
1545,405,699.666,"DSS",11,6
1546,404,699.929,"DSS",11,6
1547,403,700.091,"DSS",11,6
1548,402,700.369,"DSS",11,6
1549,401,700.692,"DSS",11,6
1550,400,700.994,"DSS",11,6
1551,399,701.146,"DSS",11,6
1552,398,701.381,"DSS",11,6
1553,397,701.672,"DSS",11,6
1554,396,701.958,"DSS",11,6
1555,395,702.224,"DSS",11,6
1556,394,702.433,"DSS",11,6
1557,393,702.712,"DSS",11,6
1558,392,702.96,"DSS",11,6
1559,391,703.229,"DSS",11,6
1560,390,703.487,"DSS",11,6
1561,389,703.734,"DSS",11,6
1562,388,704.005,"DSS",11,6
1563,387,704.254,"DSS",11,6
1564,386,704.679,"DSS",12,6
1565,385,705.015,"DSS",12,6
1566,384,705.255,"DSS",12,6
1567,383,705.585,"DSS",13,6
1568,382,705.835,"DSS",13,6
1569,381,706.072,"DSS",13,6
1570,380,706.354,"DSS",14,6
1571,379,706.534,"DSS",14,6
1572,378,706.753,"DSS",14,6
1573,377,707.02,"DSS",14,6
1574,376,707.219,"DSS",14,6
1575,375,707.539,"DSS",14,6
1576,374,707.767,"DSS",14,6
1577,373,707.995,"DSS",14,6
1578,372,708.192,"DSS",14,6
1579,371,708.407,"DSS",14,6
1580,370,708.604,"DSS",14,6
1581,369,708.832,"DSS",14,6
1582,368,709.227,"DSS",15,6
1583,367,709.465,"DSS",15,6
1584,366,709.724,"DSS",15,6
1585,365,709.989,"DSS",15,6
1586,364,710.287,"DSS",15,6
1587,363,710.541,"DSS",15,6
1588,362,710.769,"DSS",15,6
1589,361,711.094,"DSS",15,6
1590,360,711.272,"DSS",15,6
1591,359,711.449,"DSS",15,6
1592,358,711.645,"DSS",15,6
1593,357,711.849,"DSS",15,6
1594,356,712.115,"DSS",15,6
1595,355,712.33,"DSS",15,6
1596,354,712.584,"DSS",15,6
1597,353,712.845,"DSS",15,6
1598,352,713.099,"DSS",15,6
1599,351,713.362,"DSS",15,6
1600,350,713.585,"DSS",15,6
1601,349,713.798,"DSS",15,6
1602,348,714.069,"DSS",15,6
1603,347,714.341,"DSS",15,6
1604,346,714.642,"DSS",15,6
1605,345,714.828,"DSS",15,6
1606,344,714.981,"DSS",15,6
1607,343,715.14,"DSS",15,6
1608,342,715.385,"DSS",15,6
1609,341,715.622,"DSS",15,6
1610,340,715.84,"DSS",15,6
1611,339,716.041,"DSS",15,6
1612,338,716.366,"DSS",15,6
1613,337,716.797,"DSS",16,6
1614,336,717.015,"DSS",16,6
1615,335,717.267,"DSS",16,6
1616,334,717.587,"DSS",16,6
1617,333,717.763,"DSS",16,6
1618,332,718.002,"DSS",16,6
1619,331,718.292,"DSS",16,6
1620,330,718.51,"DSS",16,6
1621,329,718.784,"DSS",16,6
1622,328,719.129,"DSS",16,6
1623,327,719.431,"DSS",16,6
1624,326,719.652,"DSS",16,6
1625,325,719.94,"DSS",16,6
1626,324,720.19,"DSS",16,6
1627,323,720.402,"DSS",16,6
1628,322,720.632,"DSS",16,6
1629,321,720.869,"DSS",16,6
1630,320,721.132,"DSS",16,6
1631,319,721.434,"DSS",16,6
1632,318,721.665,"DSS",16,6
1633,317,721.838,"DSS",16,6
1634,316,722.036,"DSS",16,6
1635,315,722.266,"DSS",16,6
1636,314,722.446,"DSS",16,6
1637,313,722.641,"DSS",16,6
1638,312,722.848,"DSS",16,6
1639,311,723.04,"DSS",16,6
1640,310,723.31,"DSS",16,6
1641,309,723.513,"DSS",16,6
1642,308,723.711,"DSS",16,6
1643,307,724.048,"DSS",16,6
1644,306,724.251,"DSS",16,6
1645,305,724.431,"DSS",16,6
1646,304,724.675,"DSS",16,6
1647,303,724.856,"DSS",16,6
1648,302,725.04,"DSS",16,6
1649,301,725.247,"DSS",16,6
1650,300,725.481,"DSS",16,6
1651,299,725.627,"DSS",16,7
1652,298,725.83,"DSS",16,7
1653,297,726.135,"DSS",16,7
1654,296,726.352,"DSS",16,7
1655,295,726.558,"DSS",16,7
1656,294,726.805,"DSS",16,7
1657,293,727.059,"DSS",16,7
1658,292,727.35,"DSS",16,7
1659,291,727.566,"DSS",16,7
1660,290,727.769,"DSS",16,7
1661,289,728.02,"DSS",16,7
1662,288,728.241,"DSS",16,7
1663,287,728.482,"DSS",16,7
1664,286,728.653,"DSS",16,7
1665,285,728.831,"DSS",16,7
1666,284,729.046,"DSS",16,7
1667,283,729.274,"DSS",16,7
1668,282,729.512,"DSS",16,7
1669,281,729.741,"DSS",16,7
1670,280,729.994,"DSS",16,7
1671,279,730.188,"DSS",16,7
1672,278,730.413,"DSS",16,7
1673,277,730.698,"DSS",16,7
1674,276,730.968,"DSS",16,7
1675,275,731.252,"DSS",16,7
1676,274,731.431,"DSS",16,7
1677,273,731.617,"DSS",16,7
1678,272,731.854,"DSS",16,7
1679,271,732.129,"DSS",16,7
1680,270,732.344,"DSS",16,7
1681,269,732.594,"DSS",16,7
1682,268,732.859,"DSS",16,7
1683,267,733.158,"DSS",16,7
1684,266,733.443,"DSS",16,7
1685,265,733.671,"DSS",16,7
1686,264,733.868,"DSS",16,7
1687,263,734.083,"DSS",16,7
1688,262,734.32,"DSS",16,7
1689,261,734.55,"DSS",16,7
1690,260,734.812,"DSS",16,7
1691,259,735.07,"DSS",16,7
1692,258,735.306,"DSS",16,7
1693,257,735.595,"DSS",16,7
1694,256,735.924,"DSS",16,7
1695,255,736.107,"DSS",16,7
1696,254,736.299,"DSS",16,7
1697,253,736.538,"DSS",16,7
1698,252,736.797,"DSS",16,7
1699,251,737.012,"DSS",16,7
1700,250,737.243,"DSS",16,7
1701,249,737.539,"DSS",16,7
1702,248,737.852,"DSS",16,7
1703,247,738.056,"DSS",16,7
1704,246,738.281,"DSS",16,7
1705,245,738.579,"DSS",16,7
1706,244,738.807,"DSS",16,7
1707,243,738.994,"DSS",16,7
1708,242,739.184,"DSS",16,7
1709,241,739.391,"DSS",16,7
1710,240,739.565,"DSS",16,7
1711,239,739.793,"DSS",16,7
1712,238,739.995,"DSS",16,7
1713,237,740.198,"DSS",16,7
1714,236,740.45,"DSS",16,7
1715,235,740.638,"DSS",16,7
1716,234,740.818,"DSS",16,7
1717,233,741.041,"DSS",16,7
1718,232,741.248,"DSS",16,7
1719,231,741.446,"DSS",16,7
1720,230,741.675,"DSS",16,7
1721,229,741.865,"DSS",16,7
1722,228,742.129,"DSS",16,7
1723,227,742.344,"DSS",16,7
1724,226,742.609,"DSS",16,7
1725,225,742.831,"DSS",16,7
1726,224,743.049,"DSS",16,7
1727,223,743.23,"DSS",16,7
1728,222,743.458,"DSS",16,7
1729,221,743.686,"DSS",16,7
1730,220,743.902,"DSS",16,7
1731,219,744.142,"DSS",16,7
1732,218,744.364,"DSS",16,7
1733,217,744.594,"DSS",16,7
1734,216,744.802,"DSS",16,7
1735,215,745.053,"DSS",16,7
1736,214,745.369,"DSS",16,7
1737,213,745.684,"DSS",16,7
1738,212,746,"DSS",16,7
1739,211,746.198,"DSS",16,7
1740,210,746.381,"DSS",16,7
1741,209,746.554,"DSS",16,7
1742,208,746.766,"DSS",16,7
1743,207,746.945,"DSS",16,7
1744,206,747.152,"DSS",16,7
1745,205,747.388,"DSS",16,7
1746,204,747.591,"DSS",16,7
1747,203,747.872,"DSS",16,7
1748,202,748.139,"DSS",16,7
1749,201,748.44,"DSS",16,7
1750,200,748.715,"DSS",16,7
1751,199,748.932,"DSS",16,7
1752,198,749.089,"DSS",16,7
1753,197,749.337,"DSS",16,7
1754,196,749.552,"DSS",16,7
1755,195,749.752,"DSS",16,7
1756,194,749.964,"DSS",16,7
1757,193,750.139,"DSS",16,7
1758,192,750.385,"DSS",16,7
1759,191,750.621,"DSS",16,7
1760,190,750.855,"DSS",16,7
1761,189,751.125,"DSS",16,7
1762,188,751.362,"DSS",16,7
1763,187,751.583,"DSS",16,7
1764,186,751.805,"DSS",16,7
1765,185,752.021,"DSS",16,7
1766,184,752.23,"DSS",16,7
1767,183,752.471,"DSS",16,7
1768,182,752.667,"DSS",16,7
1769,181,752.959,"DSS",16,7
1770,180,753.157,"DSS",16,7
1771,179,753.336,"DSS",16,7
1772,178,753.514,"DSS",16,7
1773,177,753.682,"DSS",16,7
1774,176,753.908,"DSS",16,7
1775,175,754.126,"DSS",16,7
1776,174,754.297,"DSS",16,7
1777,173,754.532,"DSS",16,7
1778,172,754.779,"DSS",16,7
1779,171,755.168,"DSS",17,7
1780,170,755.391,"DSS",17,7
1781,169,755.586,"DSS",17,7
1782,168,755.778,"DSS",17,7
1783,167,755.946,"DSS",17,7
1784,166,756.176,"DSS",17,7
1785,165,756.435,"DSS",17,7
1786,164,756.625,"DSS",17,7
1787,163,756.819,"DSS",17,7
1788,162,757.037,"DSS",17,7
1789,161,757.256,"DSS",17,7
1790,160,757.437,"DSS",17,7
1791,159,757.647,"DSS",17,7
1792,158,757.872,"DSS",17,7
1793,157,758.024,"DSS",17,7
1794,156,758.229,"DSS",17,7
1795,155,758.489,"DSS",17,7
1796,154,758.694,"DSS",17,7
1797,153,758.941,"DSS",17,7
1798,152,759.16,"DSS",17,7
1799,151,759.382,"DSS",17,7
1800,150,759.623,"DSS",17,7
1801,149,759.822,"DSS",17,7
1802,148,760.063,"DSS",17,7
1803,147,760.272,"DSS",17,7
1804,146,760.546,"DSS",17,7
1805,145,760.757,"DSS",17,7
1806,144,761.02,"DSS",17,7
1807,143,761.287,"DSS",17,7
1808,142,761.6,"DSS",17,7
1809,141,761.892,"DSS",17,7
1810,140,762.143,"DSS",17,7
1811,139,762.311,"DSS",17,7
1812,138,762.532,"DSS",17,7
1813,137,762.73,"DSS",17,7
1814,136,763.024,"DSS",17,7
1815,135,763.199,"DSS",17,7
1816,134,763.43,"DSS",17,7
1817,133,763.648,"DSS",17,7
1818,132,763.855,"DSS",17,7
1819,131,764.052,"DSS",17,7
1820,130,764.346,"DSS",17,7
1821,129,764.59,"DSS",17,7
1822,128,764.819,"DSS",17,7
1823,127,765.022,"DSS",17,7
1824,126,765.195,"DSS",17,7
1825,125,765.38,"DSS",17,7
1826,124,765.585,"DSS",18,7
1827,123,765.791,"DSS",18,7
1828,122,766.088,"DSS",18,7
1829,121,766.264,"DSS",18,7
1830,120,766.418,"DSS",18,7
1831,119,766.665,"DSS",18,7
1832,118,766.861,"DSS",18,7
1833,117,767.058,"DSS",18,7
1834,116,767.279,"DSS",18,7
1835,115,767.432,"DSS",18,7
1836,114,767.68,"DSS",19,7
1837,113,767.83,"DSS",19,7
1838,112,768.087,"DSS",19,7
1839,111,768.312,"DSS",19,7
1840,110,768.524,"DSS",19,7
1841,109,768.674,"DSS",19,7
1842,108,768.82,"DSS",19,7
1843,107,769.118,"DSS",19,7
1844,106,769.303,"DSS",19,7
1845,105,769.473,"DSS",19,7
1846,104,769.757,"DSS",19,7
1847,103,770.001,"DSS",19,7
1848,102,770.197,"DSS",19,7
1849,101,770.451,"DSS",19,7
1850,100,770.647,"DSS",19,7
1851,99,770.893,"DSS",19,7
1852,98,771.057,"DSS",19,7
1853,97,771.242,"DSS",19,7
1854,96,771.481,"DSS",19,7
1855,95,771.736,"DSS",19,7
1856,94,771.913,"DSS",19,7
1857,93,772.122,"DSS",19,7
1858,92,772.371,"DSS",19,7
1859,91,772.528,"DSS",19,7
1860,90,772.69,"DSS",19,7
1861,89,772.889,"DSS",19,7
1862,88,773.117,"DSS",19,7
1863,87,773.398,"DSS",19,7
1864,86,773.632,"DSS",19,7
1865,85,773.876,"DSS",19,7
1866,84,774.102,"DSS",19,7
1867,83,774.349,"DSS",19,7
1868,82,774.581,"DSS",19,7
1869,81,774.79,"DSS",19,7
1870,80,774.964,"DSS",19,7
1871,79,775.208,"DSS",19,7
1872,78,775.406,"DSS",19,7
1873,77,775.617,"DSS",19,7
1874,76,775.788,"DSS",19,7
1875,75,776.028,"DSS",19,7
1876,74,776.285,"DSS",19,7
1877,73,776.559,"DSS",19,7
1878,72,776.722,"DSS",19,7
1879,71,776.893,"DSS",19,7
1880,70,777.137,"DSS",19,7
1881,69,777.356,"DSS",19,7
1882,68,777.585,"DSS",19,7
1883,67,777.799,"DSS",19,7
1884,66,777.985,"DSS",19,7
1885,65,778.223,"DSS",19,7
1886,64,778.435,"DSS",19,7
1887,63,778.661,"DSS",19,7
1888,62,778.876,"DSS",19,7
1889,61,779.189,"DSS",20,7
1890,60,779.403,"DSS",20,7
1891,59,779.639,"DSS",20,7
1892,58,779.823,"DSS",20,7
1893,57,779.994,"DSS",20,7
1894,56,780.203,"DSS",20,7
1895,55,780.415,"DSS",20,7
1896,54,780.639,"DSS",20,7
1897,53,780.832,"DSS",20,7
1898,52,781.103,"DSS",20,7
1899,51,781.291,"DSS",20,7
1900,50,781.478,"DSS",20,7
1901,49,781.696,"DSS",20,7
1902,48,781.894,"DSS",20,7
1903,47,782.119,"DSS",20,7
1904,46,782.367,"DSS",20,7
1905,45,782.56,"DSS",20,7
1906,44,782.752,"DSS",20,7
1907,43,782.907,"DSS",20,7
1908,42,783.08,"DSS",20,7
1909,41,783.289,"DSS",20,7
1910,40,783.492,"DSS",20,7
1911,39,783.729,"DSS",20,7
1912,38,783.92,"DSS",20,7
1913,37,784.16,"DSS",20,7
1914,36,784.399,"DSS",20,7
1915,35,784.547,"DSS",20,7
1916,34,784.724,"DSS",20,7
1917,33,784.905,"DSS",20,7
1918,32,785.126,"DSS",20,7
1919,31,785.336,"DSS",20,7
1920,30,785.558,"DSS",20,7
1921,29,785.747,"DSS",20,7
1922,28,785.943,"DSS",20,7
1923,27,786.121,"DSS",20,7
1924,26,786.371,"DSS",20,7
1925,25,786.588,"DSS",20,7
1926,24,786.789,"DSS",20,7
1927,23,786.986,"DSS",20,7
1928,22,787.115,"DSS",20,7
1929,21,787.348,"DSS",20,7
1930,20,787.61,"DSS",20,7
1931,19,787.798,"DSS",20,7
1932,18,788.007,"DSS",20,7
1933,17,788.239,"DSS",20,7
1934,16,788.432,"DSS",20,7
1935,15,788.672,"DSS",20,7
1936,14,788.838,"DSS",20,7
1937,13,788.977,"DSS",20,7
1938,12,789.148,"DSS",20,7
1939,11,789.352,"DSS",20,7
1940,10,789.589,"DSS",20,7
1941,9,789.814,"DSS",20,7
1942,8,789.991,"DSS",20,7
1943,7,790.269,"DSS",20,7
1944,6,790.521,"DSS",20,7
1945,5,790.759,"DSS",20,7
1946,4,791.005,"DSS",20,7
1947,3,791.154,"DSS",20,7
1948,2,791.324,"DSS",20,7
1949,1,791.541,"DSS",20,7
1950,0,791.768,"DSS",20,7
1951,-1,791.949,"DSS",20,7
1952,-2,792.161,"DSS",20,7
1953,-3,792.359,"DSS",20,7
1954,-4,792.555,"DSS",20,7
1955,-5,792.682,"DSS",20,7
1956,-6,792.875,"DSS",20,7
1957,-7,793.046,"DSS",20,7
1958,-8,793.248,"DSS",20,7
1959,-9,793.529,"DSS",20,7
1960,-10,793.707,"DSS",20,7
1961,-11,793.887,"DSS",20,7
